id,block_id
32,1
48,1
49,1
50,1
51,1
52,1
53,1
54,1
55,1
56,1
57,1
65,1
66,1
67,1
68,1
69,1
70,1
71,1
72,1
73,1
74,1
75,1
76,1
77,1
78,1
79,1
80,1
81,1
82,1
83,1
84,1
85,1
86,1
87,1
88,1
89,1
90,1
97,1
98,1
99,1
100,1
101,1
102,1
103,1
104,1
105,1
106,1
107,1
108,1
109,1
110,1
111,1
112,1
113,1
114,1
115,1
116,1
117,1
118,1
119,1
120,1
121,1
122,1
880,8
881,8
882,8
883,8
884,8
886,8
887,8
890,8
891,8
892,8
893,8
895,8
902,8
904,8
905,8
906,8
908,8
910,8
911,8
912,8
913,8
914,8
915,8
916,8
917,8
918,8
919,8
920,8
921,8
922,8
923,8
924,8
925,8
926,8
927,8
928,8
929,8
931,8
932,8
933,8
934,8
935,8
936,8
937,8
938,8
939,8
940,8
941,8
942,8
943,8
944,8
945,8
946,8
947,8
948,8
949,8
950,8
951,8
952,8
953,8
954,8
955,8
956,8
957,8
958,8
959,8
960,8
961,8
962,8
963,8
964,8
965,8
966,8
967,8
968,8
969,8
970,8
971,8
972,8
973,8
974,8
975,8
976,8
977,8
978,8
979,8
980,8
981,8
982,8
983,8
984,8
985,8
986,8
987,8
988,8
989,8
990,8
991,8
992,8
993,8
994,8
995,8
996,8
997,8
998,8
999,8
1000,8
1001,8
1002,8
1003,8
1004,8
1005,8
1006,8
1007,8
1008,8
1009,8
1010,8
1011,8
1012,8
1013,8
1015,8
1016,8
1017,8
1018,8
1019,8
1020,8
1021,8
1022,8
1023,8
1024,9
1025,9
1026,9
1027,9
1028,9
1029,9
1030,9
1031,9
1032,9
1033,9
1034,9
1035,9
1036,9
1037,9
1038,9
1039,9
1040,9
1041,9
1042,9
1043,9
1044,9
1045,9
1046,9
1047,9
1048,9
1049,9
1050,9
1051,9
1052,9
1053,9
1054,9
1055,9
1056,9
1057,9
1058,9
1059,9
1060,9
1061,9
1062,9
1063,9
1064,9
1065,9
1066,9
1067,9
1068,9
1069,9
1070,9
1071,9
1072,9
1073,9
1074,9
1075,9
1076,9
1077,9
1078,9
1079,9
1080,9
1081,9
1082,9
1083,9
1084,9
1085,9
1086,9
1087,9
1088,9
1089,9
1090,9
1091,9
1092,9
1093,9
1094,9
1095,9
1096,9
1097,9
1098,9
1099,9
1100,9
1101,9
1102,9
1103,9
1104,9
1105,9
1106,9
1107,9
1108,9
1109,9
1110,9
1111,9
1112,9
1113,9
1114,9
1115,9
1116,9
1117,9
1118,9
1119,9
1120,9
1121,9
1122,9
1123,9
1124,9
1125,9
1126,9
1127,9
1128,9
1129,9
1130,9
1131,9
1132,9
1133,9
1134,9
1135,9
1136,9
1137,9
1138,9
1139,9
1140,9
1141,9
1142,9
1143,9
1144,9
1145,9
1146,9
1147,9
1148,9
1149,9
1150,9
1151,9
1152,9
1153,9
1155,9
1156,9
1157,9
1158,9
1159,9
1162,9
1163,9
1164,9
1165,9
1166,9
1167,9
1168,9
1169,9
1170,9
1171,9
1172,9
1173,9
1174,9
1175,9
1176,9
1177,9
1178,9
1179,9
1180,9
1181,9
1182,9
1183,9
1184,9
1185,9
1186,9
1187,9
1188,9
1189,9
1190,9
1191,9
1192,9
1193,9
1194,9
1195,9
1196,9
1197,9
1198,9
1199,9
1200,9
1201,9
1202,9
1203,9
1204,9
1205,9
1206,9
1207,9
1208,9
1209,9
1210,9
1211,9
1212,9
1213,9
1214,9
1215,9
1216,9
1217,9
1218,9
1219,9
1220,9
1221,9
1222,9
1223,9
1224,9
1225,9
1226,9
1227,9
1228,9
1229,9
1230,9
1231,9
1232,9
1233,9
1234,9
1235,9
1236,9
1237,9
1238,9
1239,9
1240,9
1241,9
1242,9
1243,9
1244,9
1245,9
1246,9
1247,9
1248,9
1249,9
1250,9
1251,9
1252,9
1253,9
1254,9
1255,9
1256,9
1257,9
1258,9
1259,9
1260,9
1261,9
1262,9
1263,9
1264,9
1265,9
1266,9
1267,9
1268,9
1269,9
1270,9
1271,9
1272,9
1273,9
1274,9
1275,9
1276,9
1277,9
1278,9
1279,9
1329,11
1330,11
1331,11
1332,11
1333,11
1334,11
1335,11
1336,11
1337,11
1338,11
1339,11
1340,11
1341,11
1342,11
1343,11
1344,11
1345,11
1346,11
1347,11
1348,11
1349,11
1350,11
1351,11
1352,11
1353,11
1354,11
1355,11
1356,11
1357,11
1358,11
1359,11
1360,11
1361,11
1362,11
1363,11
1364,11
1365,11
1366,11
1369,11
1376,11
1377,11
1378,11
1379,11
1380,11
1381,11
1382,11
1383,11
1384,11
1385,11
1386,11
1387,11
1388,11
1389,11
1390,11
1391,11
1392,11
1393,11
1394,11
1395,11
1396,11
1397,11
1398,11
1399,11
1400,11
1401,11
1402,11
1403,11
1404,11
1405,11
1406,11
1407,11
1408,11
1409,11
1410,11
1411,11
1412,11
1413,11
1414,11
1415,11
1416,11
1425,12
1426,12
1427,12
1428,12
1429,12
1430,12
1431,12
1432,12
1433,12
1434,12
1435,12
1436,12
1437,12
1438,12
1439,12
1440,12
1441,12
1442,12
1443,12
1444,12
1445,12
1446,12
1447,12
1448,12
1449,12
1450,12
1451,12
1452,12
1453,12
1454,12
1455,12
1456,12
1457,12
1458,12
1459,12
1460,12
1461,12
1462,12
1463,12
1464,12
1465,12
1466,12
1467,12
1468,12
1469,12
1471,12
1473,12
1474,12
1476,12
1477,12
1479,12
1488,12
1489,12
1490,12
1491,12
1492,12
1493,12
1494,12
1495,12
1496,12
1497,12
1498,12
1499,12
1500,12
1501,12
1502,12
1503,12
1504,12
1505,12
1506,12
1507,12
1508,12
1509,12
1510,12
1511,12
1512,12
1513,12
1514,12
1519,12
1520,12
1521,12
1522,12
1552,13
1553,13
1554,13
1555,13
1556,13
1557,13
1558,13
1559,13
1560,13
1561,13
1562,13
1568,13
1569,13
1570,13
1571,13
1572,13
1573,13
1574,13
1575,13
1576,13
1577,13
1578,13
1579,13
1580,13
1581,13
1582,13
1583,13
1584,13
1585,13
1586,13
1587,13
1588,13
1589,13
1590,13
1591,13
1592,13
1593,13
1594,13
1595,13
1596,13
1597,13
1598,13
1599,13
1600,13
1601,13
1602,13
1603,13
1604,13
1605,13
1606,13
1607,13
1608,13
1609,13
1610,13
1611,13
1612,13
1613,13
1614,13
1615,13
1616,13
1617,13
1618,13
1619,13
1620,13
1621,13
1622,13
1623,13
1624,13
1625,13
1626,13
1627,13
1628,13
1629,13
1630,13
1631,13
1632,13
1633,13
1634,13
1635,13
1636,13
1637,13
1638,13
1639,13
1640,13
1641,13
1646,13
1647,13
1648,13
1649,13
1650,13
1651,13
1652,13
1653,13
1654,13
1655,13
1656,13
1657,13
1658,13
1659,13
1660,13
1661,13
1662,13
1663,13
1664,13
1665,13
1666,13
1667,13
1668,13
1669,13
1670,13
1671,13
1672,13
1673,13
1674,13
1675,13
1676,13
1677,13
1678,13
1679,13
1680,13
1681,13
1682,13
1683,13
1684,13
1685,13
1686,13
1687,13
1688,13
1689,13
1690,13
1691,13
1692,13
1693,13
1694,13
1695,13
1696,13
1697,13
1698,13
1699,13
1700,13
1701,13
1702,13
1703,13
1704,13
1705,13
1706,13
1707,13
1708,13
1709,13
1710,13
1711,13
1712,13
1713,13
1714,13
1715,13
1716,13
1717,13
1718,13
1719,13
1720,13
1721,13
1722,13
1723,13
1724,13
1725,13
1726,13
1727,13
1728,13
1729,13
1730,13
1731,13
1732,13
1733,13
1734,13
1735,13
1736,13
1737,13
1738,13
1739,13
1740,13
1741,13
1742,13
1743,13
1744,13
1745,13
1746,13
1747,13
1749,13
1750,13
1751,13
1752,13
1753,13
1754,13
1755,13
1756,13
1759,13
1760,13
1761,13
1762,13
1763,13
1764,13
1765,13
1766,13
1767,13
1768,13
1770,13
1771,13
1772,13
1773,13
1774,13
1775,13
1776,13
1777,13
1778,13
1779,13
1780,13
1781,13
1782,13
1783,13
1784,13
1785,13
1786,13
1787,13
1788,13
1791,13
1808,14
1809,14
1810,14
1811,14
1812,14
1813,14
1814,14
1815,14
1816,14
1817,14
1818,14
1819,14
1820,14
1821,14
1822,14
1823,14
1824,14
1825,14
1826,14
1827,14
1828,14
1829,14
1830,14
1831,14
1832,14
1833,14
1834,14
1835,14
1836,14
1837,14
1838,14
1839,14
1840,14
1841,14
1842,14
1843,14
1844,14
1845,14
1846,14
1847,14
1848,14
1849,14
1850,14
1851,14
1852,14
1853,14
1854,14
1855,14
1856,14
1857,14
1858,14
1859,14
1860,14
1861,14
1862,14
1863,14
1864,14
1865,14
1866,14
1869,14
1870,14
1871,14
1872,15
1873,15
1874,15
1875,15
1876,15
1877,15
1878,15
1879,15
1880,15
1881,15
1882,15
1883,15
1884,15
1885,15
1886,15
1887,15
1888,15
1889,15
1890,15
1891,15
1892,15
1893,15
1894,15
1895,15
1896,15
1897,15
1898,15
1899,15
1900,15
1901,15
1902,15
1903,15
1904,15
1905,15
1906,15
1907,15
1908,15
1909,15
1910,15
1911,15
1912,15
1913,15
1914,15
1915,15
1916,15
1917,15
1918,15
1919,15
1920,16
1921,16
1922,16
1923,16
1924,16
1925,16
1926,16
1927,16
1928,16
1929,16
1930,16
1931,16
1932,16
1933,16
1934,16
1935,16
1936,16
1937,16
1938,16
1939,16
1940,16
1941,16
1942,16
1943,16
1944,16
1945,16
1946,16
1947,16
1948,16
1949,16
1950,16
1951,16
1952,16
1953,16
1954,16
1955,16
1956,16
1957,16
1958,16
1959,16
1960,16
1961,16
1962,16
1963,16
1964,16
1965,16
1966,16
1967,16
1968,16
1969,16
1984,17
1985,17
1986,17
1987,17
1988,17
1989,17
1990,17
1991,17
1992,17
1993,17
1994,17
1995,17
1996,17
1997,17
1998,17
1999,17
2000,17
2001,17
2002,17
2003,17
2004,17
2005,17
2006,17
2007,17
2008,17
2009,17
2010,17
2011,17
2012,17
2013,17
2014,17
2015,17
2016,17
2017,17
2018,17
2019,17
2020,17
2021,17
2022,17
2023,17
2024,17
2025,17
2026,17
2027,17
2028,17
2029,17
2030,17
2031,17
2032,17
2033,17
2034,17
2035,17
2036,17
2037,17
2042,17
2045,17
2048,18
2049,18
2050,18
2051,18
2052,18
2053,18
2054,18
2055,18
2056,18
2057,18
2058,18
2059,18
2060,18
2061,18
2062,18
2063,18
2064,18
2065,18
2066,18
2067,18
2068,18
2069,18
2070,18
2071,18
2072,18
2073,18
2074,18
2075,18
2076,18
2077,18
2078,18
2079,18
2080,18
2081,18
2082,18
2083,18
2084,18
2085,18
2086,18
2087,18
2088,18
2089,18
2090,18
2091,18
2092,18
2093,18
2112,19
2113,19
2114,19
2115,19
2116,19
2117,19
2118,19
2119,19
2120,19
2121,19
2122,19
2123,19
2124,19
2125,19
2126,19
2127,19
2128,19
2129,19
2130,19
2131,19
2132,19
2133,19
2134,19
2135,19
2136,19
2137,19
2138,19
2139,19
2144,20
2145,20
2146,20
2147,20
2148,20
2149,20
2150,20
2151,20
2152,20
2153,20
2154,20
2208,22
2209,22
2210,22
2211,22
2212,22
2213,22
2214,22
2215,22
2216,22
2217,22
2218,22
2219,22
2220,22
2221,22
2222,22
2223,22
2224,22
2225,22
2226,22
2227,22
2228,22
2230,22
2231,22
2232,22
2233,22
2234,22
2235,22
2236,22
2237,22
2238,22
2239,22
2240,22
2241,22
2242,22
2243,22
2244,22
2245,22
2246,22
2247,22
2259,22
2260,22
2261,22
2262,22
2263,22
2264,22
2265,22
2266,22
2267,22
2268,22
2269,22
2270,22
2271,22
2272,22
2273,22
2275,22
2276,22
2277,22
2278,22
2279,22
2280,22
2281,22
2282,22
2283,22
2284,22
2285,22
2286,22
2287,22
2288,22
2289,22
2290,22
2291,22
2292,22
2293,22
2294,22
2295,22
2296,22
2297,22
2298,22
2299,22
2300,22
2301,22
2302,22
2303,22
2304,23
2305,23
2306,23
2307,23
2308,23
2309,23
2310,23
2311,23
2312,23
2313,23
2314,23
2315,23
2316,23
2317,23
2318,23
2319,23
2320,23
2321,23
2322,23
2323,23
2324,23
2325,23
2326,23
2327,23
2328,23
2329,23
2330,23
2331,23
2332,23
2333,23
2334,23
2335,23
2336,23
2337,23
2338,23
2339,23
2340,23
2341,23
2342,23
2343,23
2344,23
2345,23
2346,23
2347,23
2348,23
2349,23
2350,23
2351,23
2352,23
2353,23
2354,23
2355,23
2356,23
2357,23
2358,23
2359,23
2360,23
2361,23
2362,23
2363,23
2364,23
2365,23
2366,23
2367,23
2368,23
2369,23
2370,23
2371,23
2372,23
2373,23
2374,23
2375,23
2376,23
2377,23
2378,23
2379,23
2380,23
2381,23
2382,23
2383,23
2384,23
2385,23
2386,23
2387,23
2388,23
2389,23
2390,23
2391,23
2392,23
2393,23
2394,23
2395,23
2396,23
2397,23
2398,23
2399,23
2400,23
2401,23
2402,23
2403,23
2406,23
2407,23
2408,23
2409,23
2410,23
2411,23
2412,23
2413,23
2414,23
2415,23
2417,23
2418,23
2419,23
2420,23
2421,23
2422,23
2423,23
2424,23
2425,23
2426,23
2427,23
2428,23
2429,23
2430,23
2431,23
2432,24
2433,24
2434,24
2435,24
2437,24
2438,24
2439,24
2440,24
2441,24
2442,24
2443,24
2444,24
2447,24
2448,24
2451,24
2452,24
2453,24
2454,24
2455,24
2456,24
2457,24
2458,24
2459,24
2460,24
2461,24
2462,24
2463,24
2464,24
2465,24
2466,24
2467,24
2468,24
2469,24
2470,24
2471,24
2472,24
2474,24
2475,24
2476,24
2477,24
2478,24
2479,24
2480,24
2482,24
2486,24
2487,24
2488,24
2489,24
2492,24
2493,24
2494,24
2495,24
2496,24
2497,24
2498,24
2499,24
2500,24
2503,24
2504,24
2507,24
2508,24
2509,24
2510,24
2519,24
2524,24
2525,24
2527,24
2528,24
2529,24
2530,24
2531,24
2534,24
2535,24
2536,24
2537,24
2538,24
2539,24
2540,24
2541,24
2542,24
2543,24
2544,24
2545,24
2548,24
2549,24
2550,24
2551,24
2552,24
2553,24
2556,24
2558,24
2561,25
2562,25
2563,25
2565,25
2566,25
2567,25
2568,25
2569,25
2570,25
2575,25
2576,25
2579,25
2580,25
2581,25
2582,25
2583,25
2584,25
2585,25
2586,25
2587,25
2588,25
2589,25
2590,25
2591,25
2592,25
2593,25
2594,25
2595,25
2596,25
2597,25
2598,25
2599,25
2600,25
2602,25
2603,25
2604,25
2605,25
2606,25
2607,25
2608,25
2610,25
2611,25
2613,25
2614,25
2616,25
2617,25
2620,25
2622,25
2623,25
2624,25
2625,25
2626,25
2631,25
2632,25
2635,25
2636,25
2637,25
2641,25
2649,25
2650,25
2651,25
2652,25
2654,25
2662,25
2663,25
2664,25
2665,25
2666,25
2667,25
2668,25
2669,25
2670,25
2671,25
2672,25
2673,25
2674,25
2675,25
2676,25
2677,25
2689,26
2690,26
2691,26
2693,26
2694,26
2695,26
2696,26
2697,26
2698,26
2699,26
2700,26
2701,26
2703,26
2704,26
2705,26
2707,26
2708,26
2709,26
2710,26
2711,26
2712,26
2713,26
2714,26
2715,26
2716,26
2717,26
2718,26
2719,26
2720,26
2721,26
2722,26
2723,26
2724,26
2725,26
2726,26
2727,26
2728,26
2730,26
2731,26
2732,26
2733,26
2734,26
2735,26
2736,26
2738,26
2739,26
2741,26
2742,26
2743,26
2744,26
2745,26
2748,26
2749,26
2750,26
2751,26
2752,26
2753,26
2754,26
2755,26
2756,26
2757,26
2759,26
2760,26
2761,26
2763,26
2764,26
2765,26
2768,26
2784,26
2785,26
2786,26
2787,26
2790,26
2791,26
2792,26
2793,26
2794,26
2795,26
2796,26
2797,26
2798,26
2799,26
2809,26
2810,26
2811,26
2812,26
2813,26
2814,26
2815,26
2817,27
2818,27
2819,27
2821,27
2822,27
2823,27
2824,27
2825,27
2826,27
2827,27
2828,27
2831,27
2832,27
2835,27
2836,27
2837,27
2838,27
2839,27
2840,27
2841,27
2842,27
2843,27
2844,27
2845,27
2846,27
2847,27
2848,27
2849,27
2850,27
2851,27
2852,27
2853,27
2854,27
2855,27
2856,27
2858,27
2859,27
2860,27
2861,27
2862,27
2863,27
2864,27
2866,27
2867,27
2869,27
2870,27
2871,27
2872,27
2873,27
2876,27
2877,27
2878,27
2879,27
2880,27
2881,27
2882,27
2883,27
2884,27
2887,27
2888,27
2891,27
2892,27
2893,27
2901,27
2902,27
2903,27
2908,27
2909,27
2911,27
2912,27
2913,27
2914,27
2915,27
2918,27
2919,27
2920,27
2921,27
2922,27
2923,27
2924,27
2925,27
2926,27
2927,27
2929,27
2930,27
2931,27
2932,27
2933,27
2934,27
2935,27
2946,28
2947,28
2949,28
2950,28
2951,28
2952,28
2953,28
2954,28
2958,28
2959,28
2960,28
2962,28
2963,28
2964,28
2965,28
2969,28
2970,28
2972,28
2974,28
2975,28
2979,28
2980,28
2984,28
2985,28
2986,28
2990,28
2991,28
2992,28
2993,28
2994,28
2995,28
2996,28
2997,28
2998,28
2999,28
3000,28
3001,28
3006,28
3007,28
3008,28
3009,28
3010,28
3014,28
3015,28
3016,28
3018,28
3019,28
3020,28
3021,28
3024,28
3031,28
3046,28
3047,28
3048,28
3049,28
3050,28
3051,28
3052,28
3053,28
3054,28
3055,28
3056,28
3057,28
3058,28
3072,29
3073,29
3074,29
3075,29
3076,29
3077,29
3078,29
3079,29
3080,29
3081,29
3082,29
3083,29
3084,29
3086,29
3087,29
3088,29
3090,29
3091,29
3092,29
3093,29
3094,29
3095,29
3096,29
3097,29
3098,29
3099,29
3100,29
3101,29
3102,29
3103,29
3104,29
3105,29
3106,29
3107,29
3108,29
3109,29
3110,29
3111,29
3112,29
3114,29
3115,29
3116,29
3117,29
3118,29
3119,29
3120,29
3121,29
3122,29
3123,29
3124,29
3125,29
3126,29
3127,29
3128,29
3129,29
3133,29
3134,29
3135,29
3136,29
3137,29
3138,29
3139,29
3140,29
3142,29
3143,29
3144,29
3146,29
3147,29
3148,29
3149,29
3157,29
3158,29
3160,29
3161,29
3162,29
3168,29
3169,29
3170,29
3171,29
3174,29
3175,29
3176,29
3177,29
3178,29
3179,29
3180,29
3181,29
3182,29
3183,29
3192,29
3193,29
3194,29
3195,29
3196,29
3197,29
3198,29
3200,30
3201,30
3202,30
3203,30
3205,30
3206,30
3207,30
3208,30
3209,30
3210,30
3211,30
3212,30
3214,30
3215,30
3216,30
3218,30
3219,30
3220,30
3221,30
3222,30
3223,30
3224,30
3225,30
3226,30
3227,30
3228,30
3229,30
3230,30
3231,30
3232,30
3233,30
3234,30
3235,30
3236,30
3237,30
3238,30
3239,30
3240,30
3242,30
3243,30
3244,30
3245,30
3246,30
3247,30
3248,30
3249,30
3250,30
3251,30
3253,30
3254,30
3255,30
3256,30
3257,30
3260,30
3261,30
3262,30
3263,30
3264,30
3265,30
3266,30
3267,30
3268,30
3270,30
3271,30
3272,30
3274,30
3275,30
3276,30
3277,30
3285,30
3286,30
3294,30
3296,30
3297,30
3298,30
3299,30
3302,30
3303,30
3304,30
3305,30
3306,30
3307,30
3308,30
3309,30
3310,30
3311,30
3313,30
3314,30
3328,31
3329,31
3330,31
3331,31
3332,31
3333,31
3334,31
3335,31
3336,31
3337,31
3338,31
3339,31
3340,31
3342,31
3343,31
3344,31
3346,31
3347,31
3348,31
3349,31
3350,31
3351,31
3352,31
3353,31
3354,31
3355,31
3356,31
3357,31
3358,31
3359,31
3360,31
3361,31
3362,31
3363,31
3364,31
3365,31
3366,31
3367,31
3368,31
3369,31
3370,31
3371,31
3372,31
3373,31
3374,31
3375,31
3376,31
3377,31
3378,31
3379,31
3380,31
3381,31
3382,31
3383,31
3384,31
3385,31
3386,31
3387,31
3388,31
3389,31
3390,31
3391,31
3392,31
3393,31
3394,31
3395,31
3396,31
3398,31
3399,31
3400,31
3402,31
3403,31
3404,31
3405,31
3406,31
3412,31
3413,31
3414,31
3415,31
3416,31
3417,31
3418,31
3419,31
3420,31
3421,31
3422,31
3423,31
3424,31
3425,31
3426,31
3427,31
3430,31
3431,31
3432,31
3433,31
3434,31
3435,31
3436,31
3437,31
3438,31
3439,31
3440,31
3441,31
3442,31
3443,31
3444,31
3445,31
3446,31
3447,31
3448,31
3450,31
3451,31
3452,31
3453,31
3454,31
3455,31
3457,32
3458,32
3459,32
3461,32
3462,32
3463,32
3464,32
3465,32
3466,32
3467,32
3468,32
3469,32
3470,32
3471,32
3472,32
3473,32
3474,32
3475,32
3476,32
3477,32
3478,32
3482,32
3483,32
3484,32
3485,32
3486,32
3487,32
3488,32
3489,32
3490,32
3491,32
3492,32
3493,32
3494,32
3495,32
3496,32
3497,32
3498,32
3499,32
3500,32
3501,32
3502,32
3503,32
3504,32
3505,32
3507,32
3508,32
3509,32
3510,32
3511,32
3512,32
3513,32
3514,32
3515,32
3517,32
3520,32
3521,32
3522,32
3523,32
3524,32
3525,32
3526,32
3530,32
3535,32
3536,32
3537,32
3538,32
3539,32
3540,32
3542,32
3544,32
3545,32
3546,32
3547,32
3548,32
3549,32
3550,32
3551,32
3558,32
3559,32
3560,32
3561,32
3562,32
3563,32
3564,32
3565,32
3566,32
3567,32
3570,32
3571,32
3585,33
3586,33
3587,33
3588,33
3589,33
3590,33
3591,33
3592,33
3593,33
3594,33
3595,33
3596,33
3597,33
3598,33
3599,33
3600,33
3601,33
3602,33
3603,33
3604,33
3605,33
3606,33
3607,33
3608,33
3609,33
3610,33
3611,33
3612,33
3613,33
3614,33
3615,33
3616,33
3617,33
3618,33
3619,33
3620,33
3621,33
3622,33
3623,33
3624,33
3625,33
3626,33
3627,33
3628,33
3629,33
3630,33
3631,33
3632,33
3633,33
3634,33
3635,33
3636,33
3637,33
3638,33
3639,33
3640,33
3641,33
3642,33
3648,33
3649,33
3650,33
3651,33
3652,33
3653,33
3654,33
3655,33
3656,33
3657,33
3658,33
3659,33
3660,33
3661,33
3662,33
3664,33
3665,33
3666,33
3667,33
3668,33
3669,33
3670,33
3671,33
3672,33
3673,33
3713,34
3714,34
3716,34
3718,34
3719,34
3720,34
3721,34
3722,34
3724,34
3725,34
3726,34
3727,34
3728,34
3729,34
3730,34
3731,34
3732,34
3733,34
3734,34
3735,34
3736,34
3737,34
3738,34
3739,34
3740,34
3741,34
3742,34
3743,34
3744,34
3745,34
3746,34
3747,34
3749,34
3751,34
3752,34
3753,34
3754,34
3755,34
3756,34
3757,34
3758,34
3759,34
3760,34
3761,34
3762,34
3763,34
3764,34
3765,34
3766,34
3767,34
3768,34
3769,34
3770,34
3771,34
3772,34
3773,34
3776,34
3777,34
3778,34
3779,34
3780,34
3782,34
3784,34
3785,34
3786,34
3787,34
3788,34
3789,34
3792,34
3793,34
3794,34
3795,34
3796,34
3797,34
3798,34
3799,34
3800,34
3801,34
3804,34
3805,34
3806,34
3807,34
3840,35
3864,35
3865,35
3872,35
3873,35
3874,35
3875,35
3876,35
3877,35
3878,35
3879,35
3880,35
3881,35
3882,35
3883,35
3884,35
3885,35
3886,35
3887,35
3888,35
3889,35
3890,35
3891,35
3893,35
3895,35
3897,35
3902,35
3903,35
3904,35
3905,35
3906,35
3907,35
3908,35
3909,35
3910,35
3911,35
3913,35
3914,35
3915,35
3916,35
3917,35
3918,35
3919,35
3920,35
3921,35
3922,35
3923,35
3924,35
3925,35
3926,35
3927,35
3928,35
3929,35
3930,35
3931,35
3932,35
3933,35
3934,35
3935,35
3936,35
3937,35
3938,35
3939,35
3940,35
3941,35
3942,35
3943,35
3944,35
3945,35
3946,35
3947,35
3948,35
3953,35
3954,35
3955,35
3956,35
3957,35
3958,35
3959,35
3960,35
3961,35
3962,35
3963,35
3964,35
3965,35
3966,35
3967,35
3968,35
3969,35
3970,35
3971,35
3972,35
3974,35
3975,35
3976,35
3977,35
3978,35
3979,35
3980,35
3981,35
3982,35
3983,35
3984,35
3985,35
3986,35
3987,35
3988,35
3989,35
3990,35
3991,35
3993,35
3994,35
3995,35
3996,35
3997,35
3998,35
3999,35
4000,35
4001,35
4002,35
4003,35
4004,35
4005,35
4006,35
4007,35
4008,35
4009,35
4010,35
4011,35
4012,35
4013,35
4014,35
4015,35
4016,35
4017,35
4018,35
4019,35
4020,35
4021,35
4022,35
4023,35
4024,35
4025,35
4026,35
4027,35
4028,35
4038,35
4096,36
4097,36
4098,36
4099,36
4100,36
4101,36
4102,36
4103,36
4104,36
4105,36
4106,36
4107,36
4108,36
4109,36
4110,36
4111,36
4112,36
4113,36
4114,36
4115,36
4116,36
4117,36
4118,36
4119,36
4120,36
4121,36
4122,36
4123,36
4124,36
4125,36
4126,36
4127,36
4128,36
4129,36
4130,36
4131,36
4132,36
4133,36
4134,36
4135,36
4136,36
4137,36
4138,36
4139,36
4140,36
4141,36
4142,36
4143,36
4144,36
4145,36
4146,36
4147,36
4148,36
4149,36
4150,36
4151,36
4152,36
4153,36
4154,36
4155,36
4156,36
4157,36
4158,36
4159,36
4160,36
4161,36
4162,36
4163,36
4164,36
4165,36
4166,36
4167,36
4168,36
4169,36
4176,36
4177,36
4178,36
4179,36
4180,36
4181,36
4182,36
4183,36
4184,36
4185,36
4186,36
4187,36
4188,36
4189,36
4190,36
4191,36
4192,36
4193,36
4194,36
4195,36
4196,36
4197,36
4198,36
4199,36
4200,36
4201,36
4202,36
4203,36
4204,36
4205,36
4206,36
4207,36
4208,36
4209,36
4210,36
4211,36
4212,36
4213,36
4214,36
4215,36
4216,36
4217,36
4218,36
4219,36
4220,36
4221,36
4222,36
4223,36
4224,36
4225,36
4226,36
4227,36
4228,36
4229,36
4230,36
4231,36
4232,36
4233,36
4234,36
4235,36
4236,36
4237,36
4238,36
4239,36
4240,36
4241,36
4242,36
4243,36
4244,36
4245,36
4246,36
4247,36
4248,36
4249,36
4250,36
4251,36
4252,36
4253,36
4256,37
4257,37
4258,37
4259,37
4260,37
4261,37
4262,37
4263,37
4264,37
4265,37
4266,37
4267,37
4268,37
4269,37
4270,37
4271,37
4272,37
4273,37
4274,37
4275,37
4276,37
4277,37
4278,37
4279,37
4280,37
4281,37
4282,37
4283,37
4284,37
4285,37
4286,37
4287,37
4288,37
4289,37
4290,37
4291,37
4292,37
4293,37
4295,37
4301,37
4304,37
4305,37
4306,37
4307,37
4308,37
4309,37
4310,37
4311,37
4312,37
4313,37
4314,37
4315,37
4316,37
4317,37
4318,37
4319,37
4320,37
4321,37
4322,37
4323,37
4324,37
4325,37
4326,37
4327,37
4328,37
4329,37
4330,37
4331,37
4332,37
4333,37
4334,37
4335,37
4336,37
4337,37
4338,37
4339,37
4340,37
4341,37
4342,37
4343,37
4344,37
4345,37
4346,37
4348,37
4349,37
4350,37
4351,37
4352,38
4353,38
4354,38
4355,38
4356,38
4357,38
4358,38
4359,38
4360,38
4361,38
4362,38
4363,38
4364,38
4365,38
4366,38
4367,38
4368,38
4369,38
4370,38
4371,38
4372,38
4373,38
4374,38
4375,38
4376,38
4377,38
4378,38
4379,38
4380,38
4381,38
4382,38
4383,38
4384,38
4385,38
4386,38
4387,38
4388,38
4389,38
4390,38
4391,38
4392,38
4393,38
4394,38
4395,38
4396,38
4397,38
4398,38
4399,38
4400,38
4401,38
4402,38
4403,38
4404,38
4405,38
4406,38
4407,38
4408,38
4409,38
4410,38
4411,38
4412,38
4413,38
4414,38
4415,38
4416,38
4417,38
4418,38
4419,38
4420,38
4421,38
4422,38
4423,38
4424,38
4425,38
4426,38
4427,38
4428,38
4429,38
4430,38
4431,38
4432,38
4433,38
4434,38
4435,38
4436,38
4437,38
4438,38
4439,38
4440,38
4441,38
4442,38
4443,38
4444,38
4445,38
4446,38
4447,38
4448,38
4449,38
4450,38
4451,38
4452,38
4453,38
4454,38
4455,38
4456,38
4457,38
4458,38
4459,38
4460,38
4461,38
4462,38
4463,38
4464,38
4465,38
4466,38
4467,38
4468,38
4469,38
4470,38
4471,38
4472,38
4473,38
4474,38
4475,38
4476,38
4477,38
4478,38
4479,38
4480,38
4481,38
4482,38
4483,38
4484,38
4485,38
4486,38
4487,38
4488,38
4489,38
4490,38
4491,38
4492,38
4493,38
4494,38
4495,38
4496,38
4497,38
4498,38
4499,38
4500,38
4501,38
4502,38
4503,38
4504,38
4505,38
4506,38
4507,38
4508,38
4509,38
4510,38
4511,38
4512,38
4513,38
4514,38
4515,38
4516,38
4517,38
4518,38
4519,38
4520,38
4521,38
4522,38
4523,38
4524,38
4525,38
4526,38
4527,38
4528,38
4529,38
4530,38
4531,38
4532,38
4533,38
4534,38
4535,38
4536,38
4537,38
4538,38
4539,38
4540,38
4541,38
4542,38
4543,38
4544,38
4545,38
4546,38
4547,38
4548,38
4549,38
4550,38
4551,38
4552,38
4553,38
4554,38
4555,38
4556,38
4557,38
4558,38
4559,38
4560,38
4561,38
4562,38
4563,38
4564,38
4565,38
4566,38
4567,38
4568,38
4569,38
4570,38
4571,38
4572,38
4573,38
4574,38
4575,38
4576,38
4577,38
4578,38
4579,38
4580,38
4581,38
4582,38
4583,38
4584,38
4585,38
4586,38
4587,38
4588,38
4589,38
4590,38
4591,38
4592,38
4593,38
4594,38
4595,38
4596,38
4597,38
4598,38
4599,38
4600,38
4601,38
4602,38
4603,38
4604,38
4605,38
4606,38
4607,38
4608,39
4609,39
4610,39
4611,39
4612,39
4613,39
4614,39
4615,39
4616,39
4617,39
4618,39
4619,39
4620,39
4621,39
4622,39
4623,39
4624,39
4625,39
4626,39
4627,39
4628,39
4629,39
4630,39
4631,39
4632,39
4633,39
4634,39
4635,39
4636,39
4637,39
4638,39
4639,39
4640,39
4641,39
4642,39
4643,39
4644,39
4645,39
4646,39
4647,39
4648,39
4649,39
4650,39
4651,39
4652,39
4653,39
4654,39
4655,39
4656,39
4657,39
4658,39
4659,39
4660,39
4661,39
4662,39
4663,39
4664,39
4665,39
4666,39
4667,39
4668,39
4669,39
4670,39
4671,39
4672,39
4673,39
4674,39
4675,39
4676,39
4677,39
4678,39
4679,39
4680,39
4682,39
4683,39
4684,39
4685,39
4688,39
4689,39
4690,39
4691,39
4692,39
4693,39
4694,39
4696,39
4698,39
4699,39
4700,39
4701,39
4704,39
4705,39
4706,39
4707,39
4708,39
4709,39
4710,39
4711,39
4712,39
4713,39
4714,39
4715,39
4716,39
4717,39
4718,39
4719,39
4720,39
4721,39
4722,39
4723,39
4724,39
4725,39
4726,39
4727,39
4728,39
4729,39
4730,39
4731,39
4732,39
4733,39
4734,39
4735,39
4736,39
4737,39
4738,39
4739,39
4740,39
4741,39
4742,39
4743,39
4744,39
4746,39
4747,39
4748,39
4749,39
4752,39
4753,39
4754,39
4755,39
4756,39
4757,39
4758,39
4759,39
4760,39
4761,39
4762,39
4763,39
4764,39
4765,39
4766,39
4767,39
4768,39
4769,39
4770,39
4771,39
4772,39
4773,39
4774,39
4775,39
4776,39
4777,39
4778,39
4779,39
4780,39
4781,39
4782,39
4783,39
4784,39
4786,39
4787,39
4788,39
4789,39
4792,39
4793,39
4794,39
4795,39
4796,39
4797,39
4798,39
4800,39
4802,39
4803,39
4804,39
4805,39
4808,39
4809,39
4810,39
4811,39
4812,39
4813,39
4814,39
4815,39
4816,39
4817,39
4818,39
4819,39
4820,39
4821,39
4822,39
4824,39
4825,39
4826,39
4827,39
4828,39
4829,39
4830,39
4831,39
4832,39
4833,39
4834,39
4835,39
4836,39
4837,39
4838,39
4839,39
4840,39
4841,39
4842,39
4843,39
4844,39
4845,39
4846,39
4847,39
4848,39
4849,39
4850,39
4851,39
4852,39
4853,39
4854,39
4855,39
4856,39
4857,39
4858,39
4859,39
4860,39
4861,39
4862,39
4863,39
4864,39
4865,39
4866,39
4867,39
4868,39
4869,39
4870,39
4871,39
4872,39
4873,39
4874,39
4875,39
4876,39
4877,39
4878,39
4879,39
4880,39
4882,39
4883,39
4884,39
4885,39
4888,39
4889,39
4890,39
4891,39
4892,39
4893,39
4894,39
4895,39
4896,39
4897,39
4898,39
4899,39
4900,39
4901,39
4902,39
4903,39
4904,39
4905,39
4906,39
4907,39
4908,39
4909,39
4910,39
4911,39
4912,39
4913,39
4914,39
4915,39
4916,39
4917,39
4918,39
4919,39
4920,39
4921,39
4922,39
4923,39
4924,39
4925,39
4926,39
4927,39
4928,39
4929,39
4930,39
4931,39
4932,39
4933,39
4934,39
4935,39
4936,39
4937,39
4938,39
4939,39
4940,39
4941,39
4942,39
4943,39
4944,39
4945,39
4946,39
4947,39
4948,39
4949,39
4950,39
4951,39
4952,39
4953,39
4954,39
4957,39
4958,39
4959,39
4969,39
4970,39
4971,39
4972,39
4973,39
4974,39
4975,39
4976,39
4977,39
4978,39
4979,39
4980,39
4981,39
4982,39
4983,39
4984,39
4985,39
4986,39
4987,39
4988,39
4992,40
4993,40
4994,40
4995,40
4996,40
4997,40
4998,40
4999,40
5000,40
5001,40
5002,40
5003,40
5004,40
5005,40
5006,40
5007,40
5024,41
5025,41
5026,41
5027,41
5028,41
5029,41
5030,41
5031,41
5032,41
5033,41
5034,41
5035,41
5036,41
5037,41
5038,41
5039,41
5040,41
5041,41
5042,41
5043,41
5044,41
5045,41
5046,41
5047,41
5048,41
5049,41
5050,41
5051,41
5052,41
5053,41
5054,41
5055,41
5056,41
5057,41
5058,41
5059,41
5060,41
5061,41
5062,41
5063,41
5064,41
5065,41
5066,41
5067,41
5068,41
5069,41
5070,41
5071,41
5072,41
5073,41
5074,41
5075,41
5076,41
5077,41
5078,41
5079,41
5080,41
5081,41
5082,41
5083,41
5084,41
5085,41
5086,41
5087,41
5088,41
5089,41
5090,41
5091,41
5092,41
5093,41
5094,41
5095,41
5096,41
5097,41
5098,41
5099,41
5100,41
5101,41
5102,41
5103,41
5104,41
5105,41
5106,41
5107,41
5108,41
5109,41
5112,41
5113,41
5114,41
5115,41
5116,41
5117,41
5121,42
5122,42
5123,42
5124,42
5125,42
5126,42
5127,42
5128,42
5129,42
5130,42
5131,42
5132,42
5133,42
5134,42
5135,42
5136,42
5137,42
5138,42
5139,42
5140,42
5141,42
5142,42
5143,42
5144,42
5145,42
5146,42
5147,42
5148,42
5149,42
5150,42
5151,42
5152,42
5153,42
5154,42
5155,42
5156,42
5157,42
5158,42
5159,42
5160,42
5161,42
5162,42
5163,42
5164,42
5165,42
5166,42
5167,42
5168,42
5169,42
5170,42
5171,42
5172,42
5173,42
5174,42
5175,42
5176,42
5177,42
5178,42
5179,42
5180,42
5181,42
5182,42
5183,42
5184,42
5185,42
5186,42
5187,42
5188,42
5189,42
5190,42
5191,42
5192,42
5193,42
5194,42
5195,42
5196,42
5197,42
5198,42
5199,42
5200,42
5201,42
5202,42
5203,42
5204,42
5205,42
5206,42
5207,42
5208,42
5209,42
5210,42
5211,42
5212,42
5213,42
5214,42
5215,42
5216,42
5217,42
5218,42
5219,42
5220,42
5221,42
5222,42
5223,42
5224,42
5225,42
5226,42
5227,42
5228,42
5229,42
5230,42
5231,42
5232,42
5233,42
5234,42
5235,42
5236,42
5237,42
5238,42
5239,42
5240,42
5241,42
5242,42
5243,42
5244,42
5245,42
5246,42
5247,42
5248,42
5249,42
5250,42
5251,42
5252,42
5253,42
5254,42
5255,42
5256,42
5257,42
5258,42
5259,42
5260,42
5261,42
5262,42
5263,42
5264,42
5265,42
5266,42
5267,42
5268,42
5269,42
5270,42
5271,42
5272,42
5273,42
5274,42
5275,42
5276,42
5277,42
5278,42
5279,42
5280,42
5281,42
5282,42
5283,42
5284,42
5285,42
5286,42
5287,42
5288,42
5289,42
5290,42
5291,42
5292,42
5293,42
5294,42
5295,42
5296,42
5297,42
5298,42
5299,42
5300,42
5301,42
5302,42
5303,42
5304,42
5305,42
5306,42
5307,42
5308,42
5309,42
5310,42
5311,42
5312,42
5313,42
5314,42
5315,42
5316,42
5317,42
5318,42
5319,42
5320,42
5321,42
5322,42
5323,42
5324,42
5325,42
5326,42
5327,42
5328,42
5329,42
5330,42
5331,42
5332,42
5333,42
5334,42
5335,42
5336,42
5337,42
5338,42
5339,42
5340,42
5341,42
5342,42
5343,42
5344,42
5345,42
5346,42
5347,42
5348,42
5349,42
5350,42
5351,42
5352,42
5353,42
5354,42
5355,42
5356,42
5357,42
5358,42
5359,42
5360,42
5361,42
5362,42
5363,42
5364,42
5365,42
5366,42
5367,42
5368,42
5369,42
5370,42
5371,42
5372,42
5373,42
5374,42
5375,42
5376,42
5377,42
5378,42
5379,42
5380,42
5381,42
5382,42
5383,42
5384,42
5385,42
5386,42
5387,42
5388,42
5389,42
5390,42
5391,42
5392,42
5393,42
5394,42
5395,42
5396,42
5397,42
5398,42
5399,42
5400,42
5401,42
5402,42
5403,42
5404,42
5405,42
5406,42
5407,42
5408,42
5409,42
5410,42
5411,42
5412,42
5413,42
5414,42
5415,42
5416,42
5417,42
5418,42
5419,42
5420,42
5421,42
5422,42
5423,42
5424,42
5425,42
5426,42
5427,42
5428,42
5429,42
5430,42
5431,42
5432,42
5433,42
5434,42
5435,42
5436,42
5437,42
5438,42
5439,42
5440,42
5441,42
5442,42
5443,42
5444,42
5445,42
5446,42
5447,42
5448,42
5449,42
5450,42
5451,42
5452,42
5453,42
5454,42
5455,42
5456,42
5457,42
5458,42
5459,42
5460,42
5461,42
5462,42
5463,42
5464,42
5465,42
5466,42
5467,42
5468,42
5469,42
5470,42
5471,42
5472,42
5473,42
5474,42
5475,42
5476,42
5477,42
5478,42
5479,42
5480,42
5481,42
5482,42
5483,42
5484,42
5485,42
5486,42
5487,42
5488,42
5489,42
5490,42
5491,42
5492,42
5493,42
5494,42
5495,42
5496,42
5497,42
5498,42
5499,42
5500,42
5501,42
5502,42
5503,42
5504,42
5505,42
5506,42
5507,42
5508,42
5509,42
5510,42
5511,42
5512,42
5513,42
5514,42
5515,42
5516,42
5517,42
5518,42
5519,42
5520,42
5521,42
5522,42
5523,42
5524,42
5525,42
5526,42
5527,42
5528,42
5529,42
5530,42
5531,42
5532,42
5533,42
5534,42
5535,42
5536,42
5537,42
5538,42
5539,42
5540,42
5541,42
5542,42
5543,42
5544,42
5545,42
5546,42
5547,42
5548,42
5549,42
5550,42
5551,42
5552,42
5553,42
5554,42
5555,42
5556,42
5557,42
5558,42
5559,42
5560,42
5561,42
5562,42
5563,42
5564,42
5565,42
5566,42
5567,42
5568,42
5569,42
5570,42
5571,42
5572,42
5573,42
5574,42
5575,42
5576,42
5577,42
5578,42
5579,42
5580,42
5581,42
5582,42
5583,42
5584,42
5585,42
5586,42
5587,42
5588,42
5589,42
5590,42
5591,42
5592,42
5593,42
5594,42
5595,42
5596,42
5597,42
5598,42
5599,42
5600,42
5601,42
5602,42
5603,42
5604,42
5605,42
5606,42
5607,42
5608,42
5609,42
5610,42
5611,42
5612,42
5613,42
5614,42
5615,42
5616,42
5617,42
5618,42
5619,42
5620,42
5621,42
5622,42
5623,42
5624,42
5625,42
5626,42
5627,42
5628,42
5629,42
5630,42
5631,42
5632,42
5633,42
5634,42
5635,42
5636,42
5637,42
5638,42
5639,42
5640,42
5641,42
5642,42
5643,42
5644,42
5645,42
5646,42
5647,42
5648,42
5649,42
5650,42
5651,42
5652,42
5653,42
5654,42
5655,42
5656,42
5657,42
5658,42
5659,42
5660,42
5661,42
5662,42
5663,42
5664,42
5665,42
5666,42
5667,42
5668,42
5669,42
5670,42
5671,42
5672,42
5673,42
5674,42
5675,42
5676,42
5677,42
5678,42
5679,42
5680,42
5681,42
5682,42
5683,42
5684,42
5685,42
5686,42
5687,42
5688,42
5689,42
5690,42
5691,42
5692,42
5693,42
5694,42
5695,42
5696,42
5697,42
5698,42
5699,42
5700,42
5701,42
5702,42
5703,42
5704,42
5705,42
5706,42
5707,42
5708,42
5709,42
5710,42
5711,42
5712,42
5713,42
5714,42
5715,42
5716,42
5717,42
5718,42
5719,42
5720,42
5721,42
5722,42
5723,42
5724,42
5725,42
5726,42
5727,42
5728,42
5729,42
5730,42
5731,42
5732,42
5733,42
5734,42
5735,42
5736,42
5737,42
5738,42
5739,42
5740,42
5743,42
5744,42
5745,42
5746,42
5747,42
5748,42
5749,42
5750,42
5751,42
5752,42
5753,42
5754,42
5755,42
5756,42
5757,42
5758,42
5759,42
5760,43
5761,43
5762,43
5763,43
5764,43
5765,43
5766,43
5767,43
5768,43
5769,43
5770,43
5771,43
5772,43
5773,43
5774,43
5775,43
5776,43
5777,43
5778,43
5779,43
5780,43
5781,43
5782,43
5783,43
5784,43
5785,43
5786,43
5792,44
5793,44
5794,44
5795,44
5796,44
5797,44
5798,44
5799,44
5800,44
5801,44
5802,44
5803,44
5804,44
5805,44
5806,44
5807,44
5808,44
5809,44
5810,44
5811,44
5812,44
5813,44
5814,44
5815,44
5816,44
5817,44
5818,44
5819,44
5820,44
5821,44
5822,44
5823,44
5824,44
5825,44
5826,44
5827,44
5828,44
5829,44
5830,44
5831,44
5832,44
5833,44
5834,44
5835,44
5836,44
5837,44
5838,44
5839,44
5840,44
5841,44
5842,44
5843,44
5844,44
5845,44
5846,44
5847,44
5848,44
5849,44
5850,44
5851,44
5852,44
5853,44
5854,44
5855,44
5856,44
5857,44
5858,44
5859,44
5860,44
5861,44
5862,44
5863,44
5864,44
5865,44
5866,44
5870,44
5871,44
5872,44
5873,44
5874,44
5875,44
5876,44
5877,44
5878,44
5879,44
5880,44
6016,49
6017,49
6018,49
6019,49
6020,49
6021,49
6022,49
6023,49
6024,49
6025,49
6026,49
6027,49
6028,49
6029,49
6030,49
6031,49
6032,49
6033,49
6034,49
6035,49
6036,49
6037,49
6038,49
6039,49
6040,49
6041,49
6042,49
6043,49
6044,49
6045,49
6046,49
6047,49
6048,49
6049,49
6050,49
6051,49
6052,49
6053,49
6054,49
6055,49
6056,49
6057,49
6058,49
6059,49
6060,49
6061,49
6062,49
6063,49
6064,49
6065,49
6066,49
6067,49
6068,49
6069,49
6070,49
6071,49
6072,49
6073,49
6074,49
6075,49
6076,49
6077,49
6078,49
6079,49
6080,49
6081,49
6082,49
6083,49
6084,49
6085,49
6086,49
6087,49
6088,49
6089,49
6090,49
6091,49
6092,49
6093,49
6094,49
6095,49
6096,49
6097,49
6098,49
6099,49
6103,49
6108,49
6109,49
6112,49
6113,49
6114,49
6115,49
6116,49
6117,49
6118,49
6119,49
6120,49
6121,49
6128,49
6129,49
6130,49
6131,49
6132,49
6133,49
6134,49
6135,49
6136,49
6137,49
6155,50
6156,50
6157,50
6160,50
6161,50
6162,50
6163,50
6164,50
6165,50
6166,50
6167,50
6168,50
6169,50
6176,50
6177,50
6178,50
6179,50
6180,50
6181,50
6182,50
6183,50
6184,50
6185,50
6186,50
6187,50
6188,50
6189,50
6190,50
6191,50
6192,50
6193,50
6194,50
6195,50
6196,50
6197,50
6198,50
6199,50
6200,50
6201,50
6202,50
6203,50
6204,50
6205,50
6206,50
6207,50
6208,50
6209,50
6210,50
6211,50
6212,50
6213,50
6214,50
6215,50
6216,50
6217,50
6218,50
6219,50
6220,50
6221,50
6222,50
6223,50
6224,50
6225,50
6226,50
6227,50
6228,50
6229,50
6230,50
6231,50
6232,50
6233,50
6234,50
6235,50
6236,50
6237,50
6238,50
6239,50
6240,50
6241,50
6242,50
6243,50
6244,50
6245,50
6246,50
6247,50
6248,50
6249,50
6250,50
6251,50
6252,50
6253,50
6254,50
6255,50
6256,50
6257,50
6258,50
6259,50
6260,50
6261,50
6262,50
6263,50
6264,50
6272,50
6273,50
6274,50
6275,50
6276,50
6277,50
6278,50
6279,50
6280,50
6281,50
6282,50
6283,50
6284,50
6285,50
6286,50
6287,50
6288,50
6289,50
6290,50
6291,50
6292,50
6293,50
6294,50
6295,50
6296,50
6297,50
6298,50
6299,50
6300,50
6301,50
6302,50
6303,50
6304,50
6305,50
6306,50
6307,50
6308,50
6309,50
6310,50
6311,50
6312,50
6313,50
6314,50
6320,51
6321,51
6322,51
6323,51
6324,51
6325,51
6326,51
6327,51
6328,51
6329,51
6330,51
6331,51
6332,51
6333,51
6334,51
6335,51
6336,51
6337,51
6338,51
6339,51
6340,51
6341,51
6342,51
6343,51
6344,51
6345,51
6346,51
6347,51
6348,51
6349,51
6350,51
6351,51
6352,51
6353,51
6354,51
6355,51
6356,51
6357,51
6358,51
6359,51
6360,51
6361,51
6362,51
6363,51
6364,51
6365,51
6366,51
6367,51
6368,51
6369,51
6370,51
6371,51
6372,51
6373,51
6374,51
6375,51
6376,51
6377,51
6378,51
6379,51
6380,51
6381,51
6382,51
6383,51
6384,51
6385,51
6386,51
6387,51
6388,51
6389,51
6400,52
6401,52
6402,52
6403,52
6404,52
6405,52
6406,52
6407,52
6408,52
6409,52
6410,52
6411,52
6412,52
6413,52
6414,52
6415,52
6416,52
6417,52
6418,52
6419,52
6420,52
6421,52
6422,52
6423,52
6424,52
6425,52
6426,52
6427,52
6428,52
6429,52
6430,52
6432,52
6433,52
6434,52
6435,52
6436,52
6437,52
6438,52
6439,52
6440,52
6441,52
6442,52
6443,52
6448,52
6449,52
6450,52
6451,52
6452,52
6453,52
6454,52
6455,52
6456,52
6457,52
6458,52
6459,52
6470,52
6471,52
6472,52
6473,52
6474,52
6475,52
6476,52
6477,52
6478,52
6479,52
6528,54
6529,54
6530,54
6531,54
6532,54
6533,54
6534,54
6535,54
6536,54
6537,54
6538,54
6539,54
6540,54
6541,54
6542,54
6543,54
6544,54
6545,54
6546,54
6547,54
6548,54
6549,54
6550,54
6551,54
6552,54
6553,54
6554,54
6555,54
6556,54
6557,54
6558,54
6559,54
6560,54
6561,54
6562,54
6563,54
6564,54
6565,54
6566,54
6567,54
6568,54
6569,54
6570,54
6571,54
6576,54
6577,54
6578,54
6579,54
6580,54
6581,54
6582,54
6583,54
6584,54
6585,54
6586,54
6587,54
6588,54
6589,54
6590,54
6591,54
6592,54
6593,54
6594,54
6595,54
6596,54
6597,54
6598,54
6599,54
6600,54
6601,54
6608,54
6609,54
6610,54
6611,54
6612,54
6613,54
6614,54
6615,54
6616,54
6617,54
6618,54
6688,57
6689,57
6690,57
6691,57
6692,57
6693,57
6694,57
6695,57
6696,57
6697,57
6698,57
6699,57
6700,57
6701,57
6702,57
6703,57
6704,57
6705,57
6706,57
6707,57
6708,57
6709,57
6710,57
6711,57
6712,57
6713,57
6714,57
6715,57
6716,57
6717,57
6718,57
6719,57
6720,57
6721,57
6722,57
6723,57
6724,57
6725,57
6726,57
6727,57
6728,57
6729,57
6730,57
6731,57
6732,57
6733,57
6734,57
6735,57
6736,57
6737,57
6738,57
6739,57
6740,57
6741,57
6742,57
6743,57
6744,57
6745,57
6746,57
6747,57
6748,57
6749,57
6750,57
6752,57
6753,57
6754,57
6755,57
6756,57
6757,57
6758,57
6759,57
6760,57
6761,57
6762,57
6763,57
6764,57
6765,57
6766,57
6767,57
6768,57
6769,57
6770,57
6771,57
6772,57
6773,57
6774,57
6775,57
6776,57
6777,57
6778,57
6779,57
6780,57
6783,57
6784,57
6785,57
6786,57
6787,57
6788,57
6789,57
6790,57
6791,57
6792,57
6793,57
6800,57
6801,57
6802,57
6803,57
6804,57
6805,57
6806,57
6807,57
6808,57
6809,57
6823,57
6832,58
6833,58
6834,58
6835,58
6836,58
6837,58
6838,58
6839,58
6840,58
6841,58
6842,58
6843,58
6844,58
6845,58
6847,58
6848,58
6912,59
6913,59
6914,59
6915,59
6916,59
6917,59
6918,59
6919,59
6920,59
6921,59
6922,59
6923,59
6924,59
6925,59
6926,59
6927,59
6928,59
6929,59
6930,59
6931,59
6932,59
6933,59
6934,59
6935,59
6936,59
6937,59
6938,59
6939,59
6940,59
6941,59
6942,59
6943,59
6944,59
6945,59
6946,59
6947,59
6948,59
6949,59
6950,59
6951,59
6952,59
6953,59
6954,59
6955,59
6956,59
6957,59
6958,59
6959,59
6960,59
6961,59
6962,59
6963,59
6964,59
6965,59
6966,59
6967,59
6968,59
6969,59
6970,59
6971,59
6972,59
6973,59
6974,59
6975,59
6976,59
6977,59
6978,59
6979,59
6980,59
6981,59
6982,59
6983,59
6984,59
6985,59
6986,59
6987,59
6992,59
6993,59
6994,59
6995,59
6996,59
6997,59
6998,59
6999,59
7000,59
7001,59
7019,59
7020,59
7021,59
7022,59
7023,59
7024,59
7025,59
7026,59
7027,59
7040,60
7041,60
7042,60
7043,60
7044,60
7045,60
7046,60
7047,60
7048,60
7049,60
7050,60
7051,60
7052,60
7053,60
7054,60
7055,60
7056,60
7057,60
7058,60
7059,60
7060,60
7061,60
7062,60
7063,60
7064,60
7065,60
7066,60
7067,60
7068,60
7069,60
7070,60
7071,60
7072,60
7073,60
7074,60
7075,60
7076,60
7077,60
7078,60
7079,60
7080,60
7081,60
7082,60
7083,60
7084,60
7085,60
7086,60
7087,60
7088,60
7089,60
7090,60
7091,60
7092,60
7093,60
7094,60
7095,60
7096,60
7097,60
7098,60
7099,60
7100,60
7101,60
7102,60
7103,60
7168,62
7169,62
7170,62
7171,62
7172,62
7173,62
7174,62
7175,62
7176,62
7177,62
7178,62
7179,62
7180,62
7181,62
7182,62
7183,62
7184,62
7185,62
7186,62
7187,62
7188,62
7189,62
7190,62
7191,62
7192,62
7193,62
7194,62
7195,62
7196,62
7197,62
7198,62
7199,62
7200,62
7201,62
7202,62
7203,62
7204,62
7205,62
7206,62
7207,62
7208,62
7209,62
7210,62
7211,62
7212,62
7213,62
7214,62
7215,62
7216,62
7217,62
7218,62
7219,62
7220,62
7221,62
7222,62
7223,62
7232,62
7233,62
7234,62
7235,62
7236,62
7237,62
7238,62
7239,62
7240,62
7241,62
7245,62
7246,62
7247,62
7248,63
7249,63
7250,63
7251,63
7252,63
7253,63
7254,63
7255,63
7256,63
7257,63
7258,63
7259,63
7260,63
7261,63
7262,63
7263,63
7264,63
7265,63
7266,63
7267,63
7268,63
7269,63
7270,63
7271,63
7272,63
7273,63
7274,63
7275,63
7276,63
7277,63
7278,63
7279,63
7280,63
7281,63
7282,63
7283,63
7284,63
7285,63
7286,63
7287,63
7288,63
7289,63
7290,63
7291,63
7292,63
7293,63
11264,97
11265,97
11266,97
11267,97
11268,97
11269,97
11270,97
11271,97
11272,97
11273,97
11274,97
11275,97
11276,97
11277,97
11278,97
11279,97
11280,97
11281,97
11282,97
11283,97
11284,97
11285,97
11286,97
11287,97
11288,97
11289,97
11290,97
11291,97
11292,97
11293,97
11294,97
11295,97
11296,97
11297,97
11298,97
11299,97
11300,97
11301,97
11302,97
11303,97
11304,97
11305,97
11306,97
11307,97
11308,97
11309,97
11310,97
11312,97
11313,97
11314,97
11315,97
11316,97
11317,97
11318,97
11319,97
11320,97
11321,97
11322,97
11323,97
11324,97
11325,97
11326,97
11327,97
11328,97
11329,97
11330,97
11331,97
11332,97
11333,97
11334,97
11335,97
11336,97
11337,97
11338,97
11339,97
11340,97
11341,97
11342,97
11343,97
11344,97
11345,97
11346,97
11347,97
11348,97
11349,97
11350,97
11351,97
11352,97
11353,97
11354,97
11355,97
11356,97
11357,97
11358,97
11392,99
11393,99
11394,99
11395,99
11396,99
11397,99
11398,99
11399,99
11400,99
11401,99
11402,99
11403,99
11404,99
11405,99
11406,99
11407,99
11408,99
11409,99
11410,99
11411,99
11412,99
11413,99
11414,99
11415,99
11416,99
11417,99
11418,99
11419,99
11420,99
11421,99
11422,99
11423,99
11424,99
11425,99
11426,99
11427,99
11428,99
11429,99
11430,99
11431,99
11432,99
11433,99
11434,99
11435,99
11436,99
11437,99
11438,99
11439,99
11440,99
11441,99
11442,99
11443,99
11444,99
11445,99
11446,99
11447,99
11448,99
11449,99
11450,99
11451,99
11452,99
11453,99
11454,99
11455,99
11456,99
11457,99
11458,99
11459,99
11460,99
11461,99
11462,99
11463,99
11464,99
11465,99
11466,99
11467,99
11468,99
11469,99
11470,99
11471,99
11472,99
11473,99
11474,99
11475,99
11476,99
11477,99
11478,99
11479,99
11480,99
11481,99
11482,99
11483,99
11484,99
11485,99
11486,99
11487,99
11488,99
11489,99
11490,99
11491,99
11492,99
11499,99
11500,99
11501,99
11502,99
11503,99
11504,99
11505,99
11506,99
11507,99
11517,99
11568,101
11569,101
11570,101
11571,101
11572,101
11573,101
11574,101
11575,101
11576,101
11577,101
11578,101
11579,101
11580,101
11581,101
11582,101
11583,101
11584,101
11585,101
11586,101
11587,101
11588,101
11589,101
11590,101
11591,101
11592,101
11593,101
11594,101
11595,101
11596,101
11597,101
11598,101
11599,101
11600,101
11601,101
11602,101
11603,101
11604,101
11605,101
11606,101
11607,101
11608,101
11609,101
11610,101
11611,101
11612,101
11613,101
11614,101
11615,101
11616,101
11617,101
11618,101
11619,101
11620,101
11621,101
11622,101
11623,101
11631,101
11647,101
43136,133
43137,133
43138,133
43139,133
43140,133
43141,133
43142,133
43143,133
43144,133
43145,133
43146,133
43147,133
43148,133
43149,133
43150,133
43151,133
43152,133
43153,133
43154,133
43155,133
43156,133
43157,133
43158,133
43159,133
43160,133
43161,133
43162,133
43163,133
43164,133
43165,133
43166,133
43167,133
43168,133
43169,133
43170,133
43171,133
43172,133
43173,133
43174,133
43175,133
43176,133
43177,133
43178,133
43179,133
43180,133
43181,133
43182,133
43183,133
43184,133
43185,133
43186,133
43187,133
43188,133
43189,133
43190,133
43191,133
43192,133
43193,133
43194,133
43195,133
43196,133
43197,133
43198,133
43199,133
43200,133
43201,133
43202,133
43203,133
43204,133
43205,133
43216,133
43217,133
43218,133
43219,133
43220,133
43221,133
43222,133
43223,133
43224,133
43225,133
43264,135
43265,135
43266,135
43267,135
43268,135
43269,135
43270,135
43271,135
43272,135
43273,135
43274,135
43275,135
43276,135
43277,135
43278,135
43279,135
43280,135
43281,135
43282,135
43283,135
43284,135
43285,135
43286,135
43287,135
43288,135
43289,135
43290,135
43291,135
43292,135
43293,135
43294,135
43295,135
43296,135
43297,135
43298,135
43299,135
43300,135
43301,135
43302,135
43303,135
43304,135
43305,135
43306,135
43307,135
43308,135
43309,135
43392,138
43393,138
43394,138
43395,138
43396,138
43397,138
43398,138
43399,138
43400,138
43401,138
43402,138
43403,138
43404,138
43405,138
43406,138
43407,138
43408,138
43409,138
43410,138
43411,138
43412,138
43413,138
43414,138
43415,138
43416,138
43417,138
43418,138
43419,138
43420,138
43421,138
43422,138
43423,138
43424,138
43425,138
43426,138
43427,138
43428,138
43429,138
43430,138
43431,138
43432,138
43433,138
43434,138
43435,138
43436,138
43437,138
43438,138
43439,138
43440,138
43441,138
43442,138
43443,138
43444,138
43445,138
43446,138
43447,138
43448,138
43449,138
43450,138
43451,138
43452,138
43453,138
43454,138
43455,138
43456,138
43471,138
43472,138
43473,138
43474,138
43475,138
43476,138
43477,138
43478,138
43479,138
43480,138
43481,138
43520,140
43521,140
43522,140
43523,140
43524,140
43525,140
43526,140
43527,140
43528,140
43529,140
43530,140
43531,140
43532,140
43533,140
43534,140
43535,140
43536,140
43537,140
43538,140
43539,140
43540,140
43541,140
43542,140
43543,140
43544,140
43545,140
43546,140
43547,140
43548,140
43549,140
43550,140
43551,140
43552,140
43553,140
43554,140
43555,140
43556,140
43557,140
43558,140
43559,140
43560,140
43561,140
43562,140
43563,140
43564,140
43565,140
43566,140
43567,140
43568,140
43569,140
43570,140
43571,140
43572,140
43573,140
43574,140
43584,140
43585,140
43586,140
43587,140
43588,140
43589,140
43590,140
43591,140
43592,140
43593,140
43594,140
43595,140
43596,140
43597,140
43600,140
43601,140
43602,140
43603,140
43604,140
43605,140
43606,140
43607,140
43608,140
43609,140
43968,147
43969,147
43970,147
43971,147
43972,147
43973,147
43974,147
43975,147
43976,147
43977,147
43978,147
43979,147
43980,147
43981,147
43982,147
43983,147
43984,147
43985,147
43986,147
43987,147
43988,147
43989,147
43990,147
43991,147
43992,147
43993,147
43994,147
43995,147
43996,147
43997,147
43998,147
43999,147
44000,147
44001,147
44002,147
44003,147
44004,147
44005,147
44006,147
44007,147
44008,147
44009,147
44010,147
44012,147
44013,147
44016,147
44017,147
44018,147
44019,147
44020,147
44021,147
44022,147
44023,147
44024,147
44025,147
66176,171
66177,171
66178,171
66179,171
66180,171
66181,171
66182,171
66183,171
66184,171
66185,171
66186,171
66187,171
66188,171
66189,171
66190,171
66191,171
66192,171
66193,171
66194,171
66195,171
66196,171
66197,171
66198,171
66199,171
66200,171
66201,171
66202,171
66203,171
66204,171
66304,174
66305,174
66306,174
66307,174
66308,174
66309,174
66310,174
66311,174
66312,174
66313,174
66314,174
66315,174
66316,174
66317,174
66318,174
66319,174
66320,174
66321,174
66322,174
66323,174
66324,174
66325,174
66326,174
66327,174
66328,174
66329,174
66330,174
66331,174
66332,174
66333,174
66334,174
66335,174
66336,174
66337,174
66338,174
66339,174
66349,174
66350,174
66351,174
66352,175
66353,175
66354,175
66355,175
66356,175
66357,175
66358,175
66359,175
66360,175
66361,175
66362,175
66363,175
66364,175
66365,175
66366,175
66367,175
66368,175
66369,175
66370,175
66371,175
66372,175
66373,175
66374,175
66375,175
66376,175
66377,175
66378,175
66432,177
66433,177
66434,177
66435,177
66436,177
66437,177
66438,177
66439,177
66440,177
66441,177
66442,177
66443,177
66444,177
66445,177
66446,177
66447,177
66448,177
66449,177
66450,177
66451,177
66452,177
66453,177
66454,177
66455,177
66456,177
66457,177
66458,177
66459,177
66460,177
66461,177
66464,178
66465,178
66466,178
66467,178
66468,178
66469,178
66470,178
66471,178
66472,178
66473,178
66474,178
66475,178
66476,178
66477,178
66478,178
66479,178
66480,178
66481,178
66482,178
66483,178
66484,178
66485,178
66486,178
66487,178
66488,178
66489,178
66490,178
66491,178
66492,178
66493,178
66494,178
66495,178
66496,178
66497,178
66498,178
66499,178
66504,178
66505,178
66506,178
66507,178
66508,178
66509,178
66510,178
66511,178
66513,178
66514,178
66515,178
66516,178
66517,178
66688,181
66689,181
66690,181
66691,181
66692,181
66693,181
66694,181
66695,181
66696,181
66697,181
66698,181
66699,181
66700,181
66701,181
66702,181
66703,181
66704,181
66705,181
66706,181
66707,181
66708,181
66709,181
66710,181
66711,181
66712,181
66713,181
66714,181
66715,181
66716,181
66717,181
66720,181
66721,181
66722,181
66723,181
66724,181
66725,181
66726,181
66727,181
66728,181
66729,181
66864,184
66865,184
66866,184
66867,184
66868,184
66869,184
66870,184
66871,184
66872,184
66873,184
66874,184
66875,184
66876,184
66877,184
66878,184
66879,184
66880,184
66881,184
66882,184
66883,184
66884,184
66885,184
66886,184
66887,184
66888,184
66889,184
66890,184
66891,184
66892,184
66893,184
66894,184
66895,184
66896,184
66897,184
66898,184
66899,184
66900,184
66901,184
66902,184
66903,184
66904,184
66905,184
66906,184
66907,184
66908,184
66909,184
66910,184
66911,184
66912,184
66913,184
66914,184
66915,184
67648,189
67649,189
67650,189
67651,189
67652,189
67653,189
67654,189
67655,189
67656,189
67657,189
67658,189
67659,189
67660,189
67661,189
67662,189
67663,189
67664,189
67665,189
67666,189
67667,189
67668,189
67669,189
67672,189
67673,189
67674,189
67675,189
67676,189
67677,189
67678,189
67679,189
67680,190
67681,190
67682,190
67683,190
67684,190
67685,190
67686,190
67687,190
67688,190
67689,190
67690,190
67691,190
67692,190
67693,190
67694,190
67695,190
67696,190
67697,190
67698,190
67699,190
67700,190
67701,190
67702,190
67705,190
67706,190
67707,190
67708,190
67709,190
67710,190
67711,190
67712,191
67713,191
67714,191
67715,191
67716,191
67717,191
67718,191
67719,191
67720,191
67721,191
67722,191
67723,191
67724,191
67725,191
67726,191
67727,191
67728,191
67729,191
67730,191
67731,191
67732,191
67733,191
67734,191
67735,191
67736,191
67737,191
67738,191
67739,191
67740,191
67741,191
67742,191
67751,191
67752,191
67753,191
67754,191
67755,191
67756,191
67757,191
67758,191
67759,191
67840,193
67841,193
67842,193
67843,193
67844,193
67845,193
67846,193
67847,193
67848,193
67849,193
67850,193
67851,193
67852,193
67853,193
67854,193
67855,193
67856,193
67857,193
67858,193
67859,193
67860,193
67861,193
67862,193
67863,193
67864,193
67865,193
67866,193
67867,193
67872,194
67873,194
67874,194
67875,194
67876,194
67877,194
67878,194
67879,194
67880,194
67881,194
67882,194
67883,194
67884,194
67885,194
67886,194
67887,194
67888,194
67889,194
67890,194
67891,194
67892,194
67893,194
67894,194
67895,194
67896,194
67897,194
68192,198
68193,198
68194,198
68195,198
68196,198
68197,198
68198,198
68199,198
68200,198
68201,198
68202,198
68203,198
68204,198
68205,198
68206,198
68207,198
68208,198
68209,198
68210,198
68211,198
68212,198
68213,198
68214,198
68215,198
68216,198
68217,198
68218,198
68219,198
68220,198
68221,198
68222,198
68288,200
68289,200
68290,200
68291,200
68292,200
68293,200
68294,200
68295,200
68297,200
68298,200
68299,200
68300,200
68301,200
68302,200
68303,200
68304,200
68305,200
68306,200
68307,200
68308,200
68309,200
68310,200
68311,200
68312,200
68313,200
68314,200
68315,200
68316,200
68317,200
68318,200
68319,200
68320,200
68321,200
68322,200
68323,200
68324,200
68325,200
68326,200
68331,200
68332,200
68333,200
68334,200
68335,200
68352,201
68353,201
68354,201
68355,201
68356,201
68357,201
68358,201
68359,201
68360,201
68361,201
68362,201
68363,201
68364,201
68365,201
68366,201
68367,201
68368,201
68369,201
68370,201
68371,201
68372,201
68373,201
68374,201
68375,201
68376,201
68377,201
68378,201
68379,201
68380,201
68381,201
68382,201
68383,201
68384,201
68385,201
68386,201
68387,201
68388,201
68389,201
68390,201
68391,201
68392,201
68393,201
68394,201
68395,201
68396,201
68397,201
68398,201
68399,201
68400,201
68401,201
68402,201
68403,201
68404,201
68405,201
68416,202
68417,202
68418,202
68419,202
68420,202
68421,202
68422,202
68423,202
68424,202
68425,202
68426,202
68427,202
68428,202
68429,202
68430,202
68431,202
68432,202
68433,202
68434,202
68435,202
68436,202
68437,202
68440,202
68441,202
68442,202
68443,202
68444,202
68445,202
68446,202
68447,202
68448,203
68449,203
68450,203
68451,203
68452,203
68453,203
68454,203
68455,203
68456,203
68457,203
68458,203
68459,203
68460,203
68461,203
68462,203
68463,203
68464,203
68465,203
68466,203
68472,203
68473,203
68474,203
68475,203
68476,203
68477,203
68478,203
68479,203
68480,204
68481,204
68482,204
68483,204
68484,204
68485,204
68486,204
68487,204
68488,204
68489,204
68490,204
68491,204
68492,204
68493,204
68494,204
68495,204
68496,204
68497,204
68521,204
68522,204
68523,204
68524,204
68525,204
68526,204
68527,204
68608,205
68609,205
68610,205
68611,205
68612,205
68613,205
68614,205
68615,205
68616,205
68617,205
68618,205
68619,205
68620,205
68621,205
68622,205
68623,205
68624,205
68625,205
68626,205
68627,205
68628,205
68629,205
68630,205
68631,205
68632,205
68633,205
68634,205
68635,205
68636,205
68637,205
68638,205
68639,205
68640,205
68641,205
68642,205
68643,205
68644,205
68645,205
68646,205
68647,205
68648,205
68649,205
68650,205
68651,205
68652,205
68653,205
68654,205
68655,205
68656,205
68657,205
68658,205
68659,205
68660,205
68661,205
68662,205
68663,205
68664,205
68665,205
68666,205
68667,205
68668,205
68669,205
68670,205
68671,205
68672,205
68673,205
68674,205
68675,205
68676,205
68677,205
68678,205
68679,205
68680,205
68736,206
68737,206
68738,206
68739,206
68740,206
68741,206
68742,206
68743,206
68744,206
68745,206
68746,206
68747,206
68748,206
68749,206
68750,206
68751,206
68752,206
68753,206
68754,206
68755,206
68756,206
68757,206
68758,206
68759,206
68760,206
68761,206
68762,206
68763,206
68764,206
68765,206
68766,206
68767,206
68768,206
68769,206
68770,206
68771,206
68772,206
68773,206
68774,206
68775,206
68776,206
68777,206
68778,206
68779,206
68780,206
68781,206
68782,206
68783,206
68784,206
68785,206
68786,206
68800,206
68801,206
68802,206
68803,206
68804,206
68805,206
68806,206
68807,206
68808,206
68809,206
68810,206
68811,206
68812,206
68813,206
68814,206
68815,206
68816,206
68817,206
68818,206
68819,206
68820,206
68821,206
68822,206
68823,206
68824,206
68825,206
68826,206
68827,206
68828,206
68829,206
68830,206
68831,206
68832,206
68833,206
68834,206
68835,206
68836,206
68837,206
68838,206
68839,206
68840,206
68841,206
68842,206
68843,206
68844,206
68845,206
68846,206
68847,206
68848,206
68849,206
68850,206
68858,206
68859,206
68860,206
68861,206
68862,206
68863,206
68864,207
68865,207
68866,207
68867,207
68868,207
68869,207
68870,207
68871,207
68872,207
68873,207
68874,207
68875,207
68876,207
68877,207
68878,207
68879,207
68880,207
68881,207
68882,207
68883,207
68884,207
68885,207
68886,207
68887,207
68888,207
68889,207
68890,207
68891,207
68892,207
68893,207
68894,207
68895,207
68896,207
68897,207
68898,207
68899,207
68900,207
68901,207
68902,207
68903,207
68912,207
68913,207
68914,207
68915,207
68916,207
68917,207
68918,207
68919,207
68920,207
68921,207
69376,210
69377,210
69378,210
69379,210
69380,210
69381,210
69382,210
69383,210
69384,210
69385,210
69386,210
69387,210
69388,210
69389,210
69390,210
69391,210
69392,210
69393,210
69394,210
69395,210
69396,210
69397,210
69398,210
69399,210
69400,210
69401,210
69402,210
69403,210
69404,210
69405,210
69406,210
69407,210
69408,210
69409,210
69410,210
69411,210
69412,210
69413,210
69414,210
69415,210
69424,211
69425,211
69426,211
69427,211
69428,211
69429,211
69430,211
69431,211
69432,211
69433,211
69434,211
69435,211
69436,211
69437,211
69438,211
69439,211
69440,211
69441,211
69442,211
69443,211
69444,211
69445,211
69446,211
69447,211
69448,211
69449,211
69450,211
69451,211
69452,211
69453,211
69454,211
69455,211
69456,211
69457,211
69458,211
69459,211
69460,211
69600,214
69601,214
69602,214
69603,214
69604,214
69605,214
69606,214
69607,214
69608,214
69609,214
69610,214
69611,214
69612,214
69613,214
69614,214
69615,214
69616,214
69617,214
69618,214
69619,214
69620,214
69621,214
69622,214
69632,215
69633,215
69634,215
69635,215
69636,215
69637,215
69638,215
69639,215
69640,215
69641,215
69642,215
69643,215
69644,215
69645,215
69646,215
69647,215
69648,215
69649,215
69650,215
69651,215
69652,215
69653,215
69654,215
69655,215
69656,215
69657,215
69658,215
69659,215
69660,215
69661,215
69662,215
69663,215
69664,215
69665,215
69666,215
69667,215
69668,215
69669,215
69670,215
69671,215
69672,215
69673,215
69674,215
69675,215
69676,215
69677,215
69678,215
69679,215
69680,215
69681,215
69682,215
69683,215
69684,215
69685,215
69686,215
69687,215
69688,215
69689,215
69690,215
69691,215
69692,215
69693,215
69694,215
69695,215
69696,215
69697,215
69698,215
69699,215
69700,215
69701,215
69702,215
69714,215
69715,215
69716,215
69717,215
69718,215
69719,215
69720,215
69721,215
69722,215
69723,215
69724,215
69725,215
69726,215
69727,215
69728,215
69729,215
69730,215
69731,215
69732,215
69733,215
69734,215
69735,215
69736,215
69737,215
69738,215
69739,215
69740,215
69741,215
69742,215
69743,215
69759,215
69888,218
69889,218
69890,218
69891,218
69892,218
69893,218
69894,218
69895,218
69896,218
69897,218
69898,218
69899,218
69900,218
69901,218
69902,218
69903,218
69904,218
69905,218
69906,218
69907,218
69908,218
69909,218
69910,218
69911,218
69912,218
69913,218
69914,218
69915,218
69916,218
69917,218
69918,218
69919,218
69920,218
69921,218
69922,218
69923,218
69924,218
69925,218
69926,218
69927,218
69928,218
69929,218
69930,218
69931,218
69932,218
69933,218
69934,218
69935,218
69936,218
69937,218
69938,218
69939,218
69940,218
69942,218
69943,218
69944,218
69945,218
69946,218
69947,218
69948,218
69949,218
69950,218
69951,218
69956,218
69957,218
69958,218
69959,218
70656,226
70657,226
70658,226
70659,226
70660,226
70661,226
70662,226
70663,226
70664,226
70665,226
70666,226
70667,226
70668,226
70669,226
70670,226
70671,226
70672,226
70673,226
70674,226
70675,226
70676,226
70677,226
70678,226
70679,226
70680,226
70681,226
70682,226
70683,226
70684,226
70685,226
70686,226
70687,226
70688,226
70689,226
70690,226
70691,226
70692,226
70693,226
70694,226
70695,226
70696,226
70697,226
70698,226
70699,226
70700,226
70701,226
70702,226
70703,226
70704,226
70705,226
70706,226
70707,226
70708,226
70709,226
70710,226
70711,226
70712,226
70713,226
70714,226
70715,226
70716,226
70717,226
70718,226
70719,226
70720,226
70721,226
70722,226
70723,226
70724,226
70725,226
70726,226
70727,226
70728,226
70729,226
70730,226
70736,226
70737,226
70738,226
70739,226
70740,226
70741,226
70742,226
70743,226
70744,226
70745,226
70750,226
70751,226
70752,226
70753,226
70784,227
70785,227
70786,227
70787,227
70788,227
70789,227
70790,227
70791,227
70792,227
70793,227
70794,227
70795,227
70796,227
70797,227
70798,227
70799,227
70800,227
70801,227
70802,227
70803,227
70804,227
70805,227
70806,227
70807,227
70808,227
70809,227
70810,227
70811,227
70812,227
70813,227
70814,227
70815,227
70816,227
70817,227
70818,227
70819,227
70820,227
70821,227
70822,227
70823,227
70824,227
70825,227
70826,227
70827,227
70828,227
70829,227
70830,227
70831,227
70832,227
70833,227
70834,227
70835,227
70836,227
70837,227
70838,227
70839,227
70840,227
70841,227
70842,227
70843,227
70844,227
70845,227
70846,227
70847,227
70848,227
70849,227
70850,227
70851,227
70852,227
70853,227
70855,227
70864,227
70865,227
70866,227
70867,227
70868,227
70869,227
70870,227
70871,227
70872,227
70873,227
71040,228
71041,228
71042,228
71043,228
71044,228
71045,228
71046,228
71047,228
71048,228
71049,228
71050,228
71051,228
71052,228
71053,228
71054,228
71055,228
71056,228
71057,228
71058,228
71059,228
71060,228
71061,228
71062,228
71063,228
71064,228
71065,228
71066,228
71067,228
71068,228
71069,228
71070,228
71071,228
71072,228
71073,228
71074,228
71075,228
71076,228
71077,228
71078,228
71079,228
71080,228
71081,228
71082,228
71083,228
71084,228
71085,228
71086,228
71087,228
71088,228
71089,228
71090,228
71091,228
71092,228
71093,228
71096,228
71097,228
71098,228
71099,228
71100,228
71101,228
71102,228
71103,228
71104,228
71128,228
71129,228
71130,228
71131,228
71132,228
71133,228
71168,229
71169,229
71170,229
71171,229
71172,229
71173,229
71174,229
71175,229
71176,229
71177,229
71178,229
71179,229
71180,229
71181,229
71182,229
71183,229
71184,229
71185,229
71186,229
71187,229
71188,229
71189,229
71190,229
71191,229
71192,229
71193,229
71194,229
71195,229
71196,229
71197,229
71198,229
71199,229
71200,229
71201,229
71202,229
71203,229
71204,229
71205,229
71206,229
71207,229
71208,229
71209,229
71210,229
71211,229
71212,229
71213,229
71214,229
71215,229
71216,229
71217,229
71218,229
71219,229
71220,229
71221,229
71222,229
71223,229
71224,229
71225,229
71226,229
71227,229
71228,229
71229,229
71230,229
71231,229
71232,229
71236,229
71248,229
71249,229
71250,229
71251,229
71252,229
71253,229
71254,229
71255,229
71256,229
71257,229
71296,231
71297,231
71298,231
71299,231
71300,231
71301,231
71302,231
71303,231
71304,231
71305,231
71306,231
71307,231
71308,231
71309,231
71310,231
71311,231
71312,231
71313,231
71314,231
71315,231
71316,231
71317,231
71318,231
71319,231
71320,231
71321,231
71322,231
71323,231
71324,231
71325,231
71326,231
71327,231
71328,231
71329,231
71330,231
71331,231
71332,231
71333,231
71334,231
71335,231
71336,231
71337,231
71338,231
71339,231
71340,231
71341,231
71342,231
71343,231
71344,231
71345,231
71346,231
71347,231
71348,231
71349,231
71350,231
71351,231
71352,231
71360,231
71361,231
71362,231
71363,231
71364,231
71365,231
71366,231
71367,231
71368,231
71369,231
71424,232
71425,232
71426,232
71427,232
71428,232
71429,232
71430,232
71431,232
71432,232
71433,232
71434,232
71435,232
71436,232
71437,232
71438,232
71439,232
71440,232
71441,232
71442,232
71443,232
71444,232
71445,232
71446,232
71447,232
71448,232
71449,232
71450,232
71453,232
71454,232
71455,232
71456,232
71457,232
71458,232
71459,232
71460,232
71461,232
71462,232
71463,232
71464,232
71465,232
71466,232
71467,232
71472,232
71473,232
71474,232
71475,232
71476,232
71477,232
71478,232
71479,232
71480,232
71481,232
71482,232
71483,232
71936,235
71937,235
71938,235
71939,235
71940,235
71941,235
71942,235
71945,235
71948,235
71949,235
71950,235
71951,235
71952,235
71953,235
71954,235
71955,235
71957,235
71958,235
71960,235
71961,235
71962,235
71963,235
71964,235
71965,235
71966,235
71967,235
71968,235
71969,235
71970,235
71971,235
71972,235
71973,235
71974,235
71975,235
71976,235
71977,235
71978,235
71979,235
71980,235
71981,235
71982,235
71983,235
71984,235
71985,235
71986,235
71987,235
71988,235
71989,235
71991,235
71992,235
71995,235
71996,235
71997,235
71998,235
71999,235
72000,235
72001,235
72002,235
72003,235
72016,235
72017,235
72018,235
72019,235
72020,235
72021,235
72022,235
72023,235
72024,235
72025,235
72704,241
72705,241
72706,241
72707,241
72708,241
72709,241
72710,241
72711,241
72712,241
72714,241
72715,241
72716,241
72717,241
72718,241
72719,241
72720,241
72721,241
72722,241
72723,241
72724,241
72725,241
72726,241
72727,241
72728,241
72729,241
72730,241
72731,241
72732,241
72733,241
72734,241
72735,241
72736,241
72737,241
72738,241
72739,241
72740,241
72741,241
72742,241
72743,241
72744,241
72745,241
72746,241
72747,241
72748,241
72749,241
72750,241
72751,241
72752,241
72753,241
72754,241
72755,241
72756,241
72757,241
72758,241
72760,241
72761,241
72762,241
72763,241
72764,241
72765,241
72766,241
72767,241
72768,241
72784,241
72785,241
72786,241
72787,241
72788,241
72789,241
72790,241
72791,241
72792,241
72793,241
72794,241
72795,241
72796,241
72797,241
72798,241
72799,241
72800,241
72801,241
72802,241
72803,241
72804,241
72805,241
72806,241
72807,241
72808,241
72809,241
72810,241
72811,241
72812,241
77824,252
77825,252
77826,252
77827,252
77828,252
77829,252
77830,252
77831,252
77832,252
77833,252
77834,252
77835,252
77836,252
77837,252
77838,252
77839,252
77840,252
77841,252
77842,252
77843,252
77844,252
77845,252
77846,252
77847,252
77848,252
77849,252
77850,252
77851,252
77852,252
77853,252
77854,252
77855,252
77856,252
77857,252
77858,252
77859,252
77860,252
77861,252
77862,252
77863,252
77864,252
77865,252
77866,252
77867,252
77868,252
77869,252
77870,252
77871,252
77872,252
77873,252
77874,252
77875,252
77876,252
77877,252
77878,252
77879,252
77880,252
77881,252
77882,252
77883,252
77884,252
77885,252
77886,252
77887,252
77888,252
77889,252
77890,252
77891,252
77892,252
77893,252
77894,252
77895,252
77896,252
77897,252
77898,252
77899,252
77900,252
77901,252
77902,252
77903,252
77904,252
77905,252
77906,252
77907,252
77908,252
77909,252
77910,252
77911,252
77912,252
77913,252
77914,252
77915,252
77916,252
77917,252
77918,252
77919,252
77920,252
77921,252
77922,252
77923,252
77924,252
77925,252
77926,252
77927,252
77928,252
77929,252
77930,252
77931,252
77932,252
77933,252
77934,252
77935,252
77936,252
77937,252
77938,252
77939,252
77940,252
77941,252
77942,252
77943,252
77944,252
77945,252
77946,252
77947,252
77948,252
77949,252
77950,252
77951,252
77952,252
77953,252
77954,252
77955,252
77956,252
77957,252
77958,252
77959,252
77960,252
77961,252
77962,252
77963,252
77964,252
77965,252
77966,252
77967,252
77968,252
77969,252
77970,252
77971,252
77972,252
77973,252
77974,252
77975,252
77976,252
77977,252
77978,252
77979,252
77980,252
77981,252
77982,252
77983,252
77984,252
77985,252
77986,252
77987,252
77988,252
77989,252
77990,252
77991,252
77992,252
77993,252
77994,252
77995,252
77996,252
77997,252
77998,252
77999,252
78000,252
78001,252
78002,252
78003,252
78004,252
78005,252
78006,252
78007,252
78008,252
78009,252
78010,252
78011,252
78012,252
78013,252
78014,252
78015,252
78016,252
78017,252
78018,252
78019,252
78020,252
78021,252
78022,252
78023,252
78024,252
78025,252
78026,252
78027,252
78028,252
78029,252
78030,252
78031,252
78032,252
78033,252
78034,252
78035,252
78036,252
78037,252
78038,252
78039,252
78040,252
78041,252
78042,252
78043,252
78044,252
78045,252
78046,252
78047,252
78048,252
78049,252
78050,252
78051,252
78052,252
78053,252
78054,252
78055,252
78056,252
78057,252
78058,252
78059,252
78060,252
78061,252
78062,252
78063,252
78064,252
78065,252
78066,252
78067,252
78068,252
78069,252
78070,252
78071,252
78072,252
78073,252
78074,252
78075,252
78076,252
78077,252
78078,252
78079,252
78080,252
78081,252
78082,252
78083,252
78084,252
78085,252
78086,252
78087,252
78088,252
78089,252
78090,252
78091,252
78092,252
78093,252
78094,252
78095,252
78096,252
78097,252
78098,252
78099,252
78100,252
78101,252
78102,252
78103,252
78104,252
78105,252
78106,252
78107,252
78108,252
78109,252
78110,252
78111,252
78112,252
78113,252
78114,252
78115,252
78116,252
78117,252
78118,252
78119,252
78120,252
78121,252
78122,252
78123,252
78124,252
78125,252
78126,252
78127,252
78128,252
78129,252
78130,252
78131,252
78132,252
78133,252
78134,252
78135,252
78136,252
78137,252
78138,252
78139,252
78140,252
78141,252
78142,252
78143,252
78144,252
78145,252
78146,252
78147,252
78148,252
78149,252
78150,252
78151,252
78152,252
78153,252
78154,252
78155,252
78156,252
78157,252
78158,252
78159,252
78160,252
78161,252
78162,252
78163,252
78164,252
78165,252
78166,252
78167,252
78168,252
78169,252
78170,252
78171,252
78172,252
78173,252
78174,252
78175,252
78176,252
78177,252
78178,252
78179,252
78180,252
78181,252
78182,252
78183,252
78184,252
78185,252
78186,252
78187,252
78188,252
78189,252
78190,252
78191,252
78192,252
78193,252
78194,252
78195,252
78196,252
78197,252
78198,252
78199,252
78200,252
78201,252
78202,252
78203,252
78204,252
78205,252
78206,252
78207,252
78208,252
78209,252
78210,252
78211,252
78212,252
78213,252
78214,252
78215,252
78216,252
78217,252
78218,252
78219,252
78220,252
78221,252
78222,252
78223,252
78224,252
78225,252
78226,252
78227,252
78228,252
78229,252
78230,252
78231,252
78232,252
78233,252
78234,252
78235,252
78236,252
78237,252
78238,252
78239,252
78240,252
78241,252
78242,252
78243,252
78244,252
78245,252
78246,252
78247,252
78248,252
78249,252
78250,252
78251,252
78252,252
78253,252
78254,252
78255,252
78256,252
78257,252
78258,252
78259,252
78260,252
78261,252
78262,252
78263,252
78264,252
78265,252
78266,252
78267,252
78268,252
78269,252
78270,252
78271,252
78272,252
78273,252
78274,252
78275,252
78276,252
78277,252
78278,252
78279,252
78280,252
78281,252
78282,252
78283,252
78284,252
78285,252
78286,252
78287,252
78288,252
78289,252
78290,252
78291,252
78292,252
78293,252
78294,252
78295,252
78296,252
78297,252
78298,252
78299,252
78300,252
78301,252
78302,252
78303,252
78304,252
78305,252
78306,252
78307,252
78308,252
78309,252
78310,252
78311,252
78312,252
78313,252
78314,252
78315,252
78316,252
78317,252
78318,252
78319,252
78320,252
78321,252
78322,252
78323,252
78324,252
78325,252
78326,252
78327,252
78328,252
78329,252
78330,252
78331,252
78332,252
78333,252
78334,252
78335,252
78336,252
78337,252
78338,252
78339,252
78340,252
78341,252
78342,252
78343,252
78344,252
78345,252
78346,252
78347,252
78348,252
78349,252
78350,252
78351,252
78352,252
78353,252
78354,252
78355,252
78356,252
78357,252
78358,252
78359,252
78360,252
78361,252
78362,252
78363,252
78364,252
78365,252
78366,252
78367,252
78368,252
78369,252
78370,252
78371,252
78372,252
78373,252
78374,252
78375,252
78376,252
78377,252
78378,252
78379,252
78380,252
78381,252
78382,252
78383,252
78384,252
78385,252
78386,252
78387,252
78388,252
78389,252
78390,252
78391,252
78392,252
78393,252
78394,252
78395,252
78396,252
78397,252
78398,252
78399,252
78400,252
78401,252
78402,252
78403,252
78404,252
78405,252
78406,252
78407,252
78408,252
78409,252
78410,252
78411,252
78412,252
78413,252
78414,252
78415,252
78416,252
78417,252
78418,252
78419,252
78420,252
78421,252
78422,252
78423,252
78424,252
78425,252
78426,252
78427,252
78428,252
78429,252
78430,252
78431,252
78432,252
78433,252
78434,252
78435,252
78436,252
78437,252
78438,252
78439,252
78440,252
78441,252
78442,252
78443,252
78444,252
78445,252
78446,252
78447,252
78448,252
78449,252
78450,252
78451,252
78452,252
78453,252
78454,252
78455,252
78456,252
78457,252
78458,252
78459,252
78460,252
78461,252
78462,252
78463,252
78464,252
78465,252
78466,252
78467,252
78468,252
78469,252
78470,252
78471,252
78472,252
78473,252
78474,252
78475,252
78476,252
78477,252
78478,252
78479,252
78480,252
78481,252
78482,252
78483,252
78484,252
78485,252
78486,252
78487,252
78488,252
78489,252
78490,252
78491,252
78492,252
78493,252
78494,252
78495,252
78496,252
78497,252
78498,252
78499,252
78500,252
78501,252
78502,252
78503,252
78504,252
78505,252
78506,252
78507,252
78508,252
78509,252
78510,252
78511,252
78512,252
78513,252
78514,252
78515,252
78516,252
78517,252
78518,252
78519,252
78520,252
78521,252
78522,252
78523,252
78524,252
78525,252
78526,252
78527,252
78528,252
78529,252
78530,252
78531,252
78532,252
78533,252
78534,252
78535,252
78536,252
78537,252
78538,252
78539,252
78540,252
78541,252
78542,252
78543,252
78544,252
78545,252
78546,252
78547,252
78548,252
78549,252
78550,252
78551,252
78552,252
78553,252
78554,252
78555,252
78556,252
78557,252
78558,252
78559,252
78560,252
78561,252
78562,252
78563,252
78564,252
78565,252
78566,252
78567,252
78568,252
78569,252
78570,252
78571,252
78572,252
78573,252
78574,252
78575,252
78576,252
78577,252
78578,252
78579,252
78580,252
78581,252
78582,252
78583,252
78584,252
78585,252
78586,252
78587,252
78588,252
78589,252
78590,252
78591,252
78592,252
78593,252
78594,252
78595,252
78596,252
78597,252
78598,252
78599,252
78600,252
78601,252
78602,252
78603,252
78604,252
78605,252
78606,252
78607,252
78608,252
78609,252
78610,252
78611,252
78612,252
78613,252
78614,252
78615,252
78616,252
78617,252
78618,252
78619,252
78620,252
78621,252
78622,252
78623,252
78624,252
78625,252
78626,252
78627,252
78628,252
78629,252
78630,252
78631,252
78632,252
78633,252
78634,252
78635,252
78636,252
78637,252
78638,252
78639,252
78640,252
78641,252
78642,252
78643,252
78644,252
78645,252
78646,252
78647,252
78648,252
78649,252
78650,252
78651,252
78652,252
78653,252
78654,252
78655,252
78656,252
78657,252
78658,252
78659,252
78660,252
78661,252
78662,252
78663,252
78664,252
78665,252
78666,252
78667,252
78668,252
78669,252
78670,252
78671,252
78672,252
78673,252
78674,252
78675,252
78676,252
78677,252
78678,252
78679,252
78680,252
78681,252
78682,252
78683,252
78684,252
78685,252
78686,252
78687,252
78688,252
78689,252
78690,252
78691,252
78692,252
78693,252
78694,252
78695,252
78696,252
78697,252
78698,252
78699,252
78700,252
78701,252
78702,252
78703,252
78704,252
78705,252
78706,252
78707,252
78708,252
78709,252
78710,252
78711,252
78712,252
78713,252
78714,252
78715,252
78716,252
78717,252
78718,252
78719,252
78720,252
78721,252
78722,252
78723,252
78724,252
78725,252
78726,252
78727,252
78728,252
78729,252
78730,252
78731,252
78732,252
78733,252
78734,252
78735,252
78736,252
78737,252
78738,252
78739,252
78740,252
78741,252
78742,252
78743,252
78744,252
78745,252
78746,252
78747,252
78748,252
78749,252
78750,252
78751,252
78752,252
78753,252
78754,252
78755,252
78756,252
78757,252
78758,252
78759,252
78760,252
78761,252
78762,252
78763,252
78764,252
78765,252
78766,252
78767,252
78768,252
78769,252
78770,252
78771,252
78772,252
78773,252
78774,252
78775,252
78776,252
78777,252
78778,252
78779,252
78780,252
78781,252
78782,252
78783,252
78784,252
78785,252
78786,252
78787,252
78788,252
78789,252
78790,252
78791,252
78792,252
78793,252
78794,252
78795,252
78796,252
78797,252
78798,252
78799,252
78800,252
78801,252
78802,252
78803,252
78804,252
78805,252
78806,252
78807,252
78808,252
78809,252
78810,252
78811,252
78812,252
78813,252
78814,252
78815,252
78816,252
78817,252
78818,252
78819,252
78820,252
78821,252
78822,252
78823,252
78824,252
78825,252
78826,252
78827,252
78828,252
78829,252
78830,252
78831,252
78832,252
78833,252
78834,252
78835,252
78836,252
78837,252
78838,252
78839,252
78840,252
78841,252
78842,252
78843,252
78844,252
78845,252
78846,252
78847,252
78848,252
78849,252
78850,252
78851,252
78852,252
78853,252
78854,252
78855,252
78856,252
78857,252
78858,252
78859,252
78860,252
78861,252
78862,252
78863,252
78864,252
78865,252
78866,252
78867,252
78868,252
78869,252
78870,252
78871,252
78872,252
78873,252
78874,252
78875,252
78876,252
78877,252
78878,252
78879,252
78880,252
78881,252
78882,252
78883,252
78884,252
78885,252
78886,252
78887,252
78888,252
78889,252
78890,252
78891,252
78892,252
78893,252
78894,252
82944,254
82945,254
82946,254
82947,254
82948,254
82949,254
82950,254
82951,254
82952,254
82953,254
82954,254
82955,254
82956,254
82957,254
82958,254
82959,254
82960,254
82961,254
82962,254
82963,254
82964,254
82965,254
82966,254
82967,254
82968,254
82969,254
82970,254
82971,254
82972,254
82973,254
82974,254
82975,254
82976,254
82977,254
82978,254
82979,254
82980,254
82981,254
82982,254
82983,254
82984,254
82985,254
82986,254
82987,254
82988,254
82989,254
82990,254
82991,254
82992,254
82993,254
82994,254
82995,254
82996,254
82997,254
82998,254
82999,254
83000,254
83001,254
83002,254
83003,254
83004,254
83005,254
83006,254
83007,254
83008,254
83009,254
83010,254
83011,254
83012,254
83013,254
83014,254
83015,254
83016,254
83017,254
83018,254
83019,254
83020,254
83021,254
83022,254
83023,254
83024,254
83025,254
83026,254
83027,254
83028,254
83029,254
83030,254
83031,254
83032,254
83033,254
83034,254
83035,254
83036,254
83037,254
83038,254
83039,254
83040,254
83041,254
83042,254
83043,254
83044,254
83045,254
83046,254
83047,254
83048,254
83049,254
83050,254
83051,254
83052,254
83053,254
83054,254
83055,254
83056,254
83057,254
83058,254
83059,254
83060,254
83061,254
83062,254
83063,254
83064,254
83065,254
83066,254
83067,254
83068,254
83069,254
83070,254
83071,254
83072,254
83073,254
83074,254
83075,254
83076,254
83077,254
83078,254
83079,254
83080,254
83081,254
83082,254
83083,254
83084,254
83085,254
83086,254
83087,254
83088,254
83089,254
83090,254
83091,254
83092,254
83093,254
83094,254
83095,254
83096,254
83097,254
83098,254
83099,254
83100,254
83101,254
83102,254
83103,254
83104,254
83105,254
83106,254
83107,254
83108,254
83109,254
83110,254
83111,254
83112,254
83113,254
83114,254
83115,254
83116,254
83117,254
83118,254
83119,254
83120,254
83121,254
83122,254
83123,254
83124,254
83125,254
83126,254
83127,254
83128,254
83129,254
83130,254
83131,254
83132,254
83133,254
83134,254
83135,254
83136,254
83137,254
83138,254
83139,254
83140,254
83141,254
83142,254
83143,254
83144,254
83145,254
83146,254
83147,254
83148,254
83149,254
83150,254
83151,254
83152,254
83153,254
83154,254
83155,254
83156,254
83157,254
83158,254
83159,254
83160,254
83161,254
83162,254
83163,254
83164,254
83165,254
83166,254
83167,254
83168,254
83169,254
83170,254
83171,254
83172,254
83173,254
83174,254
83175,254
83176,254
83177,254
83178,254
83179,254
83180,254
83181,254
83182,254
83183,254
83184,254
83185,254
83186,254
83187,254
83188,254
83189,254
83190,254
83191,254
83192,254
83193,254
83194,254
83195,254
83196,254
83197,254
83198,254
83199,254
83200,254
83201,254
83202,254
83203,254
83204,254
83205,254
83206,254
83207,254
83208,254
83209,254
83210,254
83211,254
83212,254
83213,254
83214,254
83215,254
83216,254
83217,254
83218,254
83219,254
83220,254
83221,254
83222,254
83223,254
83224,254
83225,254
83226,254
83227,254
83228,254
83229,254
83230,254
83231,254
83232,254
83233,254
83234,254
83235,254
83236,254
83237,254
83238,254
83239,254
83240,254
83241,254
83242,254
83243,254
83244,254
83245,254
83246,254
83247,254
83248,254
83249,254
83250,254
83251,254
83252,254
83253,254
83254,254
83255,254
83256,254
83257,254
83258,254
83259,254
83260,254
83261,254
83262,254
83263,254
83264,254
83265,254
83266,254
83267,254
83268,254
83269,254
83270,254
83271,254
83272,254
83273,254
83274,254
83275,254
83276,254
83277,254
83278,254
83279,254
83280,254
83281,254
83282,254
83283,254
83284,254
83285,254
83286,254
83287,254
83288,254
83289,254
83290,254
83291,254
83292,254
83293,254
83294,254
83295,254
83296,254
83297,254
83298,254
83299,254
83300,254
83301,254
83302,254
83303,254
83304,254
83305,254
83306,254
83307,254
83308,254
83309,254
83310,254
83311,254
83312,254
83313,254
83314,254
83315,254
83316,254
83317,254
83318,254
83319,254
83320,254
83321,254
83322,254
83323,254
83324,254
83325,254
83326,254
83327,254
83328,254
83329,254
83330,254
83331,254
83332,254
83333,254
83334,254
83335,254
83336,254
83337,254
83338,254
83339,254
83340,254
83341,254
83342,254
83343,254
83344,254
83345,254
83346,254
83347,254
83348,254
83349,254
83350,254
83351,254
83352,254
83353,254
83354,254
83355,254
83356,254
83357,254
83358,254
83359,254
83360,254
83361,254
83362,254
83363,254
83364,254
83365,254
83366,254
83367,254
83368,254
83369,254
83370,254
83371,254
83372,254
83373,254
83374,254
83375,254
83376,254
83377,254
83378,254
83379,254
83380,254
83381,254
83382,254
83383,254
83384,254
83385,254
83386,254
83387,254
83388,254
83389,254
83390,254
83391,254
83392,254
83393,254
83394,254
83395,254
83396,254
83397,254
83398,254
83399,254
83400,254
83401,254
83402,254
83403,254
83404,254
83405,254
83406,254
83407,254
83408,254
83409,254
83410,254
83411,254
83412,254
83413,254
83414,254
83415,254
83416,254
83417,254
83418,254
83419,254
83420,254
83421,254
83422,254
83423,254
83424,254
83425,254
83426,254
83427,254
83428,254
83429,254
83430,254
83431,254
83432,254
83433,254
83434,254
83435,254
83436,254
83437,254
83438,254
83439,254
83440,254
83441,254
83442,254
83443,254
83444,254
83445,254
83446,254
83447,254
83448,254
83449,254
83450,254
83451,254
83452,254
83453,254
83454,254
83455,254
83456,254
83457,254
83458,254
83459,254
83460,254
83461,254
83462,254
83463,254
83464,254
83465,254
83466,254
83467,254
83468,254
83469,254
83470,254
83471,254
83472,254
83473,254
83474,254
83475,254
83476,254
83477,254
83478,254
83479,254
83480,254
83481,254
83482,254
83483,254
83484,254
83485,254
83486,254
83487,254
83488,254
83489,254
83490,254
83491,254
83492,254
83493,254
83494,254
83495,254
83496,254
83497,254
83498,254
83499,254
83500,254
83501,254
83502,254
83503,254
83504,254
83505,254
83506,254
83507,254
83508,254
83509,254
83510,254
83511,254
83512,254
83513,254
83514,254
83515,254
83516,254
83517,254
83518,254
83519,254
83520,254
83521,254
83522,254
83523,254
83524,254
83525,254
83526,254
125184,290
125185,290
125186,290
125187,290
125188,290
125189,290
125190,290
125191,290
125192,290
125193,290
125194,290
125195,290
125196,290
125197,290
125198,290
125199,290
125200,290
125201,290
125202,290
125203,290
125204,290
125205,290
125206,290
125207,290
125208,290
125209,290
125210,290
125211,290
125212,290
125213,290
125214,290
125215,290
125216,290
125217,290
125218,290
125219,290
125220,290
125221,290
125222,290
125223,290
125224,290
125225,290
125226,290
125227,290
125228,290
125229,290
125230,290
125231,290
125232,290
125233,290
125234,290
125235,290
125236,290
125237,290
125238,290
125239,290
125240,290
125241,290
125242,290
125243,290
125244,290
125245,290
125246,290
125247,290
125248,290
125249,290
125250,290
125251,290
125252,290
125253,290
125254,290
125255,290
125256,290
125257,290
125258,290
125259,290
125264,290
125265,290
125266,290
125267,290
125268,290
125269,290
125270,290
125271,290
125272,290
125273,290
